[{"model": "admin.logentry", "pk": 1, "fields": {"action_time": "2024-11-17T21:10:37.629Z", "user": 1, "content_type": 9, "object_id": "1", "object_repr": "Classic Plan", "action_flag": 1, "change_message": "[{\"added\": {}}]"}}, {"model": "admin.logentry", "pk": 2, "fields": {"action_time": "2024-11-23T06:29:43.020Z", "user": 1, "content_type": 11, "object_id": "2", "object_repr": "admin - Profile", "action_flag": 1, "change_message": "[{\"added\": {}}]"}}, {"model": "admin.logentry", "pk": 3, "fields": {"action_time": "2024-11-23T06:31:35.638Z", "user": 1, "content_type": 11, "object_id": "3", "object_repr": "Phil - Profile", "action_flag": 1, "change_message": "[{\"added\": {}}]"}}, {"model": "admin.logentry", "pk": 4, "fields": {"action_time": "2024-11-23T06:31:48.020Z", "user": 1, "content_type": 11, "object_id": "4", "object_repr": "jdoe - Profile", "action_flag": 1, "change_message": "[{\"added\": {}}]"}}, {"model": "admin.logentry", "pk": 5, "fields": {"action_time": "2024-11-23T06:34:38.480Z", "user": 1, "content_type": 11, "object_id": "5", "object_repr": "brian - Profile", "action_flag": 1, "change_message": "[{\"added\": {}}]"}}, {"model": "admin.logentry", "pk": 6, "fields": {"action_time": "2024-11-26T16:24:25.604Z", "user": 1, "content_type": 11, "object_id": "5", "object_repr": "brian - Profile", "action_flag": 2, "change_message": "[{\"changed\": {\"fields\": [\"Plan\"]}}]"}}, {"model": "admin.logentry", "pk": 7, "fields": {"action_time": "2024-11-26T16:24:36.087Z", "user": 1, "content_type": 11, "object_id": "3", "object_repr": "Phil - Profile", "action_flag": 2, "change_message": "[{\"changed\": {\"fields\": [\"Plan\"]}}]"}}, {"model": "auth.user", "pk": 1, "fields": {"password": "pbkdf2_sha256$720000$Bkq0WdGFzdnSuVTSaqz2Be$6c6eDFtUF1TesM+oJusK/cXGN90NKYy1j4na4tIzK6M=", "last_login": "2024-11-30T11:25:42.743Z", "is_superuser": true, "username": "admin", "first_name": "", "last_name": "", "email": "", "is_staff": true, "is_active": true, "date_joined": "2024-11-17T16:50:02.344Z", "groups": [], "user_permissions": []}}, {"model": "auth.user", "pk": 3, "fields": {"password": "pbkdf2_sha256$720000$DZPWqB4EJ1A9t2Tw7JXZ6h$AfUAOQC3Bvv4DRGao4tNvnDBN9i2oZKRPIE9BJX0apM=", "last_login": "2024-11-17T18:28:51.701Z", "is_superuser": false, "username": "jdoe", "first_name": "John", "last_name": "Doe", "email": "jdoe@gmail.com", "is_staff": false, "is_active": true, "date_joined": "2024-11-17T18:00:19.101Z", "groups": [], "user_permissions": []}}, {"model": "auth.user", "pk": 4, "fields": {"password": "pbkdf2_sha256$720000$eZP1BGwe8vkXmBNlld5jlC$piNyPO+Z83ofr70sUeyAI8B8+//Gk8RFizcYEmK6czI=", "last_login": "2024-11-26T16:34:14.908Z", "is_superuser": false, "username": "Phil", "first_name": "Philip", "last_name": "Kerry", "email": "phil@gmail.com", "is_staff": false, "is_active": true, "date_joined": "2024-11-17T18:41:30.705Z", "groups": [], "user_permissions": []}}, {"model": "auth.user", "pk": 6, "fields": {"password": "pbkdf2_sha256$720000$E9tKsah7RzmNbGHYgURUvN$Xicc09KoaXb/SpYemIiH7fxoMBJKHz7G+KriUAOjVQY=", "last_login": "2024-11-29T20:46:14.107Z", "is_superuser": false, "username": "Ntheo", "first_name": "Neo", "last_name": "Theo", "email": "asaforbrian18@gmail.com", "is_staff": false, "is_active": true, "date_joined": "2024-11-26T16:23:34.387Z", "groups": [], "user_permissions": []}}, {"model": "auth.user", "pk": 7, "fields": {"password": "pbkdf2_sha256$720000$qoVf2UDpfStgfOsR2nN8Iz$Vrc0RP5w7R5PXHFX1NW8/0mfgDTOXQtbiq3aWYwxeZ4=", "last_login": "2024-11-30T21:56:00.621Z", "is_superuser": false, "username": "Ronnyphil", "first_name": "Philip", "last_name": "Ronny", "email": "illuminatidatacenter@gmail.com", "is_staff": false, "is_active": true, "date_joined": "2024-11-27T08:11:55.127Z", "groups": [], "user_permissions": []}}, {"model": "auth.user", "pk": 8, "fields": {"password": "pbkdf2_sha256$720000$LRRtssr7Cu475TwgrevyXB$8ZCTL4QGsZrnJl2hQJ0MsW7/Qevc/8UoX/LYDVD7v20=", "last_login": "2024-11-29T04:59:06.435Z", "is_superuser": false, "username": "Erica12", "first_name": "Erica", "last_name": "zabbix", "email": "pennerica74@gmail.com", "is_staff": false, "is_active": true, "date_joined": "2024-11-29T04:08:53.784Z", "groups": [], "user_permissions": []}}, {"model": "auth.user", "pk": 9, "fields": {"password": "pbkdf2_sha256$720000$qWO6sRH9aZS8TAGtD5Bdeo$Ypc8Dd3R5IWDOVu3474MUShm5vb3bG/27/oHkkT2gJk=", "last_login": null, "is_superuser": false, "username": "Erica13", "first_name": "Erica", "last_name": "Testing", "email": "pennerica74@gmail.com", "is_staff": false, "is_active": true, "date_joined": "2024-11-29T04:10:38.202Z", "groups": [], "user_permissions": []}}, {"model": "auth.user", "pk": 12, "fields": {"password": "pbkdf2_sha256$720000$VMSPVT77KtWcASk7ky2U8o$T23f01yIjayYlhUdkqKqpTiEtMoRDnwwbrylmgWjM3E=", "last_login": null, "is_superuser": false, "username": "muluh", "first_name": "mokom", "last_name": "elvis", "email": "mokomelvismuluh@gmail.com", "is_staff": false, "is_active": true, "date_joined": "2024-11-29T20:36:50.726Z", "groups": [], "user_permissions": []}}, {"model": "auth.user", "pk": 14, "fields": {"password": "pbkdf2_sha256$720000$gZHGP1vwu9XRlfG1xH8sJw$wjl6zNeYtPRIlsrMsOuL10/n+HaR2TKh9uzZkfqJV5o=", "last_login": "2024-11-30T11:31:35.070Z", "is_superuser": false, "username": "muluh1", "first_name": "mokom", "last_name": "elvis", "email": "mokomelvismuluh@gmail.com", "is_staff": false, "is_active": true, "date_joined": "2024-11-29T20:38:23.708Z", "groups": [], "user_permissions": []}}, {"model": "sessions.session", "pk": "07ebaimjrh70ijdw9ybigbtf0a1a5ie7", "fields": {"session_data": ".eJxVjEEOwiAQRe_C2pACZWBcuvcMZGBAqoYmpV0Z765NutDtf-_9lwi0rTVsPS9hYnEWTpx-t0jpkdsO-E7tNss0t3WZotwVedAurzPn5-Vw_w4q9fqtdRkiAbD1qA2Qz8YWAqTkPA2edVFgkT1mID0qU0wkmyDyqBwqjyjeH-NWN5M:1tH5Zp:dQbBGglWmURk6KhR67Kw17QxsHsAc21XUG0tk-M1kn8", "expire_date": "2024-12-13T18:18:49.478Z"}}, {"model": "sessions.session", "pk": "09ywwtmfjbfhw12memf0222xi0oetrpi", "fields": {"session_data": ".eJxVjEEOwiAQRe_C2pAOBQSX7nsGAjODVA0kpV0Z765NutDtf-_9lwhxW0vYOi9hJnERIE6_W4r44LoDusd6axJbXZc5yV2RB-1yasTP6-H-HZTYy7fWZ2XR-MGyIq2YAX02KkPGwZoxkWYkTc7bnEglYmfBgRv9COTYayfeH-YMN-4:1tCo9t:1NXRbIg8qCB3ZX875XL8WCMfqalZGh9vQck_1_a-FqM", "expire_date": "2024-12-01T22:54:21.317Z"}}, {"model": "sessions.session", "pk": "0c6n51itbvj1txpi8d1zr54vhc9rh140", "fields": {"session_data": ".eJxVjDsOwjAQBe_iGln-xD9K-pzB2l3bOIAcKU4qxN1JpBTQvpl5bxZhW2vcel7ilNiVWXb53RDomdsB0gPafeY0t3WZkB8KP2nn45zy63a6fwcVet1ribKg9jKRsZmCCclbCk65JEj4gCIrBKm0hUJWDzTsLjntDQhTpAT2-QLmlDec:1tG3pc:HNslpcLRK4IqK-U25IAERigwYNZgyb-sjz2n-6-LiPk", "expire_date": "2024-12-10T22:14:52.778Z"}}, {"model": "sessions.session", "pk": "0s4crzyr2o1pbhsh7dc74dnxl8pzntik", "fields": {"session_data": ".eJxVjMsOwiAQRf-FtSEMb1y67zcQYEapGkhKuzL-uzbpQrf3nHNfLKZtrXEbtMQZ2ZkBO_1uOZUHtR3gPbVb56W3dZkz3xV-0MGnjvS8HO7fQU2jfussjZUGigZjTVESPAStgizap0yegMAGcmAcIglwGqWzRlsh1DVIUuz9AahfNlM:1tGGFs:m4Jj2r8lRh7Ossdv141nVlKlZcbU9uW4wWOOweFYywE", "expire_date": "2024-12-11T11:30:48.598Z"}}, {"model": "sessions.session", "pk": "0ufqsme6dg6lipgprbfivebjzplow8v5", "fields": {"session_data": ".eJxVjMEOwiAQRP-FsyGFIgsevfsNBHZZqRpISnsy_rtt0oPOcd6beYsQ16WEtec5TCQuworTb5ciPnPdAT1ivTeJrS7zlOSuyIN2eWuUX9fD_TsosZdt7ZhxoLO2FhkwGT2Q80CgTQStWI3MingE61XekpT3TM4mtsDoDYrPF_tmOL0:1tGR4a:-xXa7yXkGsZFxj8oDYoIOhExyR-brFqES2DpyO_vOHQ", "expire_date": "2024-12-11T23:03:52.643Z"}}, {"model": "sessions.session", "pk": "0vffgmz8d1jrio8phpedhjd0iavrum0b", "fields": {"session_data": ".eJxVjDsOwyAQRO9CHSE-CZ-U6X0GtLBLcBKBZOwq8t1tSy6SbjTvzXxZgGUuYek0hRHZnRl2-e0ipDfVA-AL6rPx1Oo8jZEfCj9p50ND-jxO9--gQC_7Oqt4Ew6dlsYkcQVplQMiLcBZ77VNpPZMQoLO6D16awhyVKgVZZkkWzfXtDgA:1tGJeX:R5lzRwpAl4VOcomcdfXK0o1YLoq_Lw8slWPXqDoaEBo", "expire_date": "2024-12-11T15:08:29.469Z"}}, {"model": "sessions.session", "pk": "13bzrq6cn5m9l2es0lwrmh3ys46qtvx3", "fields": {"session_data": ".eJxVjEEOwiAQRe_C2pABhAGX7nsGMgNUqoYmpV0Z765NutDtf-_9l4i0rTVuvSxxyuIilDj9bkzpUdoO8p3abZZpbusysdwVedAuhzmX5_Vw_w4q9fqt0SqnVQBnIRmvizWGkkbDNhc4j84bzxhAW0YOgAk1OV9GRIXZeQXi_QGkRDZd:1tGCgv:HJ-YKyNc5CfKYphZ59ZwvUYz7yavFd94JmIiQ55W_zE", "expire_date": "2024-12-11T07:42:29.667Z"}}, {"model": "sessions.session", "pk": "151nd5v3f5kmd7hz3docb0f9y7ptleqc", "fields": {"session_data": ".eJxVjMsOwiAQRf-FtSEUKA-X7v0GMjMwUjU0Ke3K-O_apAvd3nPOfYkE21rT1suSpizOwonT74ZAj9J2kO_QbrOkua3LhHJX5EG7vM65PC-H-3dQoddvzSFDLIGUYmatwQSyATgMMWtwZAgZhxFQecvaj-DQIxjO2niGaFm8PxZSOSY:1tGR6t:wqMcjpeXgkXRF7nlyzUVyD01W9JJJBQeWCmZRF7s504", "expire_date": "2024-12-11T23:06:15.412Z"}}, {"model": "sessions.session", "pk": "1ea8xjmjfo7ioy8qekmxuw2zy1v8dc89", "fields": {"session_data": ".eJxVjEEOwiAQAP_C2RCgLBSP3vuGZtmlUjWQlPZk_Lsh6UGvM5N5ixmPPc9HS9u8srgKLy6_LCI9U-mCH1juVVIt-7ZG2RN52ianyul1O9u_QcaW-9Z4sKCUA2tZJwRHRiWOEMekPWomZzSPjEFbIrdEZRY0IQwD-gAKxOcLzds3aQ:1tH4tP:uUpStoKoFnn1AMDtub3tVtKi2AWGQzLFFWa57YXDH8M", "expire_date": "2024-12-13T17:34:59.233Z"}}, {"model": "sessions.session", "pk": "1ik1kpp2g3ku9esf4d8kgjus9umdhstt", "fields": {"session_data": ".eJxVjMsOwiAQRf-FtSFCeUxduu83EGYGpGogKe3K-O_apAvd3nPOfYkQt7WEraclzCwuwonT74aRHqnugO-x3pqkVtdlRrkr8qBdTo3T83q4fwcl9vKtQYHJBlFnBg3WeaWTHkd2pIA8kCJC64w9a2ts5DQMPmdizoTOe4zi_QHZ0zhJ:1tGK0x:yXr22RVWUj51gunbFdFcb8IAG721z7B6HRtDEoi_7v4", "expire_date": "2024-12-11T15:31:39.477Z"}}, {"model": "sessions.session", "pk": "1ixjh231ippi36by22w3ukucxk2p4r2y", "fields": {"session_data": ".eJxVjEsOAiEQBe_C2hAY7LZx6d4zEH4towaSYWZlvLuSzEK3r6reSzi_rcVtPS9uTuIsUBx-t-DjI9cB0t3XW5Ox1XWZgxyK3GmX15by87K7fwfF9_KtwTDyCZgm1tmGSKBYUVZklY_GYAAIEI-BotaJjEZENVnDCQCHJ94f2pU3Iw:1tGuXd:02qCKyVI_4Ia6PhKky198qECcJimTY9tllp3U5XiJj0", "expire_date": "2024-12-13T06:31:49.082Z"}}, {"model": "sessions.session", "pk": "1kssem9nor0fgw6kryq7wuv9shm8d41z", "fields": {"session_data": ".eJxVjMEOwiAQBf-FsyGwQAGP3vsNZFlAqoYmpT0Z_9026UGvb2bemwXc1hq2npcwJXZlA7v8bhHpmdsB0gPbfeY0t3WZIj8UftLOxznl1-10_w4q9rrX2WWnlEhKW6BCfpAFBPpobTFGORCqkIzRRO1oB7JIBASnwBsCp4F9vtjlNzc:1tG1Zx:qsokt4GC2q9JX2Mw180qiRaFkzjPlsN0NY0PmD-h8m8", "expire_date": "2024-12-10T19:50:33.722Z"}}, {"model": "sessions.session", "pk": "1lw8itb7ksic869g2jyfnf33rvmolh5i", "fields": {"session_data": ".eJxVjEsOAiEQBe_C2hAYaCAu3XuGSdPdyKiBZD4r4911klno9lXVe6kRt7WO2yLzOLE6q6BOv1tGekjbAd-x3bqm3tZ5ynpX9EEXfe0sz8vh_h1UXOq3LkGMZe9SGaAIcQRhyKlE4DJYIWMSxIAeWChblyiQZ5O9AXQ-YFLvDwNcOGU:1tGD4L:prrU5MGT7dES5ag0_vhn7pwiudPKiSF65rtr82DuTTQ", "expire_date": "2024-12-11T08:06:41.299Z"}}, {"model": "sessions.session", "pk": "1txpi1a7b0iscyynwcrsye7dqo55z9yy", "fields": {"session_data": ".eJxVjDsOwjAQBe_iGlmxN-sPJT1niLxeLw4gR8qnQtwdIqWA9s3Me6khbWsdtqXMw8jqrIw6_W6U8qO0HfA9tduk89TWeSS9K_qgi75OXJ6Xw_07qGmp3xpZrPTW9TYmb9HmDlgCdl2IAZFBSAJBjgadAJngfPQgpgdAIp9BvT_DlTb1:1tGFKm:t9WSfJFeYztMpCP61DETJ4ijUdTt4Q-4870BEChWraM", "expire_date": "2024-12-11T10:31:48.481Z"}}, {"model": "sessions.session", "pk": "20c5x261e0fz8cw2bbi221wtos1fclvq", "fields": {"session_data": ".eJxVjEEOwiAQRe_C2hCgZXRcuvcMZAYGqRpISrsy3l2bdKHb_977LxVoXUpYu8xhSuqsrDr8bkzxIXUD6U711nRsdZkn1puid9r1tSV5Xnb376BQL9-aAUxChAxWCDwhW3f00WG2Hs2JEIZBhL3h0Yljk0eI4ghSNj5bEPX-ANX9N9U:1tGCig:cPZ_rxzPZCMCClw-BG1_HfrS_TbV983EYkf21CwifMM", "expire_date": "2024-12-11T07:44:18.203Z"}}, {"model": "sessions.session", "pk": "2jgr9d431hmywy12ukxppwhl3tocgs93", "fields": {"session_data": ".eJxVjDsOwjAQBe_iGllLcGKbkp4zWPsDB5AtxUmFuDuJlALaNzPvbRIuc05L0ymNYs7maA6_GyE_tWxAHlju1XIt8zSS3RS702avVfR12d2_g4wtr_XtBKRIos47Lx1xFInkUVg49jq4jpQQgguRYQBg6hXQQQirCpHN5wskLzkZ:1tCnJ0:xpS0bHDIzdZPkp0x23YupufVjdUlw_ZXVKUFfw6FdDA", "expire_date": "2024-12-01T21:59:42.573Z"}}, {"model": "sessions.session", "pk": "2se2gzhdf3i7xf8hmnyfwj4hr3ok88jh", "fields": {"session_data": ".eJxVjDsOwyAQRO9CHSGWnyFlep8BwS4EJxGWjF1FuXtsyUXSjea9mTcLcVtr2HpewkTsygZ2-e1SxGduB6BHbPeZ49zWZUr8UPhJOx9nyq_b6f4d1Njrvk6peEMuF2GjMaTVnqXErEBY6RFcEeSNRgSplE4DWQcRQTtRrLIC2OcL8Kc3bg:1tH6Wd:4sSgCEHhvGCGWZlZIKPjImM7OLB9Ker4JIOGP4eMuZ0", "expire_date": "2024-12-13T19:19:35.934Z"}}, {"model": "sessions.session", "pk": "2twbv1zu5meolng2gjn4m1wxpuguke0m", "fields": {"session_data": ".eJxVjMEOwiAQRP-FsyGVUhY8evcbCLC7UjWQlPZk_Hdp0oPOYQ7zZuYtfNjW7LdGi59RXIQRp98shvSksgN8hHKvMtWyLnOUe0UetMlbRXpdj-7fQQ4t93XUxEDdJuRROw1EFpgMW5gMsh2S4RhchK5RoVXswOmBkkpKqzOKzxcOpTht:1tG3RY:W5J2mKPCZ7GwBcOzmcTEtI3fodXAnCe0aEMk1PGkU_0", "expire_date": "2024-12-10T21:50:00.532Z"}}, {"model": "sessions.session", "pk": "3gofrxbrz2ugjtajv05d1bskcr79cizz", "fields": {"session_data": ".eJxVjEEOwiAQAP_C2RBxKSwevfcNZGFBqgaS0p6MfzckPeh1ZjJv4Wnfit97Wv3C4iqUOP2yQPGZ6hD8oHpvMra6rUuQI5GH7XJunF63o_0bFOplbM8WNKSgCVVmQAfahuAmNM4y62gwg0mIKaLJpIiiiRDQGaLp4hjF5wvVVDf3:1tG1NP:aUjkA1VXvPnx7D_uveIEzrul2izir-mFyPCk1IVRwCo", "expire_date": "2024-12-10T19:37:35.272Z"}}, {"model": "sessions.session", "pk": "4c3yzrh3ief7myg8f6jja7ejrs9ev1x1", "fields": {"session_data": ".eJxVjDsOwjAQBe_iGlnxZ2NDSZ8zWLveNQmgWIqTCnF3iJQC2jcz76USbuuYtiZLmlhdVK9Ovxthfsi8A77jfKs613ldJtK7og_a9FBZntfD_TsYsY3fGpwRWwz0IB4oM51tjsVLMMWxN4GBXQABsgYBC6KFjrooNnvINpJ6fwDp-zgl:1tGd5I:D4b7Bm8vZeBhyBWlSWXHP12QDwfY9FNcT1KFWuvuUGg", "expire_date": "2024-12-12T11:53:24.049Z"}}, {"model": "sessions.session", "pk": "4fgibpdp93wgra67zcb73er8q19c8djb", "fields": {"session_data": ".eJxVjE0OwiAYBe_C2hBASsGl-56BfD8gVQNJaVfGu2uTLnT7Zua9RIRtLXHraYkzi4vQ4vS7IdAj1R3wHeqtSWp1XWaUuyIP2uXUOD2vh_t3UKCXbz2wI221D4aUIh-GPHrUISt0Pidm65wFZgMuqECcw1llwhFRoTfASbw_4gE4mw:1tCoAy:xMgiGyF_JdcucB4i4apffRgHiq_w2UFvElnEexkOehI", "expire_date": "2024-12-01T22:55:28.417Z"}}, {"model": "sessions.session", "pk": "4op4lckbjmgeal74vbce2w5fdmlmlmij", "fields": {"session_data": ".eJxVjDsOwjAQBe_iGln-kbUo6TmDtd5d4wBypDipIu4OkVJA-2bmbSrhutS0dpnTyOqirDr9bhnpKW0H_MB2nzRNbZnHrHdFH7Tr28Tyuh7u30HFXr91HghosCGECOLRR8wgfPY2eC7MXDDG6A0a54xkCoUEwBgHgCaU4tX7A-2kOCY:1tG4Rb:ip1EsMm1qLjgilTc4Wqid0cOWSHW8sFkGcOpzJRb_JE", "expire_date": "2024-12-10T22:54:07.780Z"}}, {"model": "sessions.session", "pk": "4toyjlcdf44sfx73swueogvlglgbog0x", "fields": {"session_data": ".eJxVjM0OwiAQhN-FsyHS8uvRu89AlmWRqoGktCfjuwtJD5rMZeabmTfzsG_Z741Wv0R2YYKdfrMA-KQyQHxAuVeOtWzrEvio8IM2fquRXtej-3eQoeW-xjkpR1KC7YrkBDhUUU4ppNlqMCiH1UagNGeYtApWCa1jIOv6UrHPF_MNN_I:1tH6ow:3KLojMVyX1mgSm3BVtG9DfNFsmon20zNvdUD71dVBbY", "expire_date": "2024-12-13T19:38:30.184Z"}}, {"model": "sessions.session", "pk": "4u0f2idbdojh7fd48089gdllqdmucp8h", "fields": {"session_data": ".eJxVjEEOwiAQAP_C2RCgLBSP3vuGZtmlUjWQlPZk_Lsh6UGvM5N5ixmPPc9HS9u8srgKLy6_LCI9U-mCH1juVVIt-7ZG2RN52ianyul1O9u_QcaW-9Z4sKCUA2tZJwRHRiWOEMekPWomZzSPjEFbIrdEZRY0IQwD-gAKxOcLzds3aQ:1tH4uE:nifCyZzUejNhmzmp_mwqLol-oB8hRMHr_FtwKrIKoWM", "expire_date": "2024-12-13T17:35:50.171Z"}}, {"model": "sessions.session", "pk": "581paaa6ilddqwobtxf5uswqh1mz8sv5", "fields": {"session_data": ".eJxVjEEOwiAQRe_C2hCgUygu3XsGMgyDVA0kpV0Z765NutDtf-_9lwi4rSVsnZcwJ3EWWpx-t4j04LqDdMd6a5JaXZc5yl2RB-3y2hI_L4f7d1Cwl29NpDxonWlSxiOZMQ8jWBchOdBxYhejY3J2IIfZoh0UQ84JgQ2DJxLvD-chOJU:1tCm7U:W4mpO4bSDN24qM2t49ijjPmQdRmsxUNJbVd8lVTvbvU", "expire_date": "2024-12-01T20:43:44.549Z"}}, {"model": "sessions.session", "pk": "5cm73kz930yn01q6qdhmi49v78hc1if3", "fields": {"session_data": ".eJxVjEEOwiAQRe_C2pAaOgO4dO8ZCDMDUjWQlHbVeHdt0oVu_3vvbyrEdSlh7WkOk6iLQnX63SjyM9UdyCPWe9Pc6jJPpHdFH7TrW5P0uh7u30GJvXxryuDAZg_pTGTIQsqZGcQ6hOQQh5HZsqAHLwY4k6CxIzkYIIM1Ub0_BM84Yw:1tGCFV:XGh0Giy0p-QhVhmxMHSp_MCX0wg8ntmn1jT9zI564UY", "expire_date": "2024-12-11T07:14:09.502Z"}}, {"model": "sessions.session", "pk": "5gs4ib9h84034b05yvnmk4chj4ieasxp", "fields": {"session_data": ".eJxVjMsOwiAQRf-FtSGAPGZcuu83kBmgUjU0Ke3K-O_apAvd3nPOfYlI21rj1ssSpywuQovT78aUHqXtIN-p3WaZ5rYuE8tdkQftcphzeV4P9--gUq_fGoMawRKYEsAFAKNgZAgOLXtSmBACEp8ZnTdKe2KNxYFLNlDSxbB4fwC3RzcI:1tH5Wx:BQb5mL_CV_sWRZhAhdgNGPFslrLT9dQNJwrrBiyMoKA", "expire_date": "2024-12-13T18:15:51.170Z"}}, {"model": "sessions.session", "pk": "5qqmpuoeoan87qxoefb6h5ggz4o5tlyh", "fields": {"session_data": ".eJxVjMsOwiAQRf-FtSEwTIu4dN9vIDM8pGogKe3K-O_apAvd3nPOfQlP21r81tPi5yguYhSn340pPFLdQbxTvTUZWl2XmeWuyIN2ObWYntfD_Tso1Mu3hpghodMuBTQAFpE4gAZHQ1I5Wn02FhnzoBTG0bAGYqdRozPMLrN4fwDSyjdj:1tG2wr:xMcSyLFpGynWLe12EtWWMDAWQdIRNTK2x-1FkBvBum0", "expire_date": "2024-12-10T21:18:17.708Z"}}, {"model": "sessions.session", "pk": "5tvzw1wc3cdlrctblf0ib1kg51kwtevq", "fields": {"session_data": ".eJxVjDkOwjAUBe_iGln42_FCSc8ZLP9FOIAcKU4qxN1JpBTQvpl5b5XLutS8dpnzyOqijDr9bljoKW0H_CjtPmma2jKPqHdFH7Tr28Tyuh7u30EtvW51SJYArfCZnBeOiOiFrAMKHh2b4A0wlIJhEEnJGguDbNj5CBGA1ecL8vs3mw:1tGFgm:BAPF2rG9r3_DF0P9LhpBlEO-OYICp_-t9FGSpjKmNG4", "expire_date": "2024-12-11T10:54:32.413Z"}}, {"model": "sessions.session", "pk": "63d50213907c54p2ewlk6x12mmn15f8y", "fields": {"session_data": ".eJxVjDsOwjAQBe_iGlle_A0lfc5g7a5tHECxFCcV4u4QKQW0b2beS0Tc1hq3npc4JXERIE6_GyE_8ryDdMf51iS3eV0mkrsiD9rl2FJ-Xg_376Bir986sLWoFSMRu2woeBh88RTy2Rk9lOQU6qJAsQsGbPagKYH2pAbWQCDeH-hzN5I:1tEhtJ:Ql87K6NVt82AAK3dplpkIwgVBjab8B19YSlDPfcPjL8", "expire_date": "2024-12-07T04:37:05.669Z"}}, {"model": "sessions.session", "pk": "64l0w6m5a4qlhmwgf7ldyh1syeqw5z5v", "fields": {"session_data": ".eJxVjM0OwiAQhN-FsyHS8uvRu89AlmWRqoGktCfjuwtJD5rMZeabmTfzsG_Z741Wv0R2YYKdfrMA-KQyQHxAuVeOtWzrEvio8IM2fquRXtej-3eQoeW-xjkpR1KC7YrkBDhUUU4ppNlqMCiH1UagNGeYtApWCa1jIOv6UrHPF_MNN_I:1tH6ow:3KLojMVyX1mgSm3BVtG9DfNFsmon20zNvdUD71dVBbY", "expire_date": "2024-12-13T19:38:30.479Z"}}, {"model": "sessions.session", "pk": "67xovwkd55gq66kew2tbgcits47tibl6", "fields": {"session_data": ".eJxVjMsOwiAQRf-FtSEgw8ul-34DgRmQqoGktCvjv2uTLnR7zzn3xULc1hq2kZcwE7swyU6_W4r4yG0HdI_t1jn2ti5z4rvCDzr41Ck_r4f7d1DjqN_aJIhACNaYokrWomDSDhR5qc_GQXLeeFAoVQIURXjMxVrtvRRaWirs_QHa-Tde:1tGuGC:6xo8pklp4c62is_gYHTWfmd__JDXltGJbvYL1A4DgUc", "expire_date": "2024-12-13T06:13:48.570Z"}}, {"model": "sessions.session", "pk": "68gfjbh5uiyww7gkr2ltul5mss6dadq2", "fields": {"session_data": ".eJxVjDkOwjAQRe_iGlnxMl4o6TlDNOOxcQDZUpYKcXeIlALa_977LzHittZxW_I8TizOwovT70aYHrntgO_Ybl2m3tZ5Irkr8qCLvHbOz8vh_h1UXOq3LpkVD0iGyHBApyAjMGqnIeoCSscQCitrYhwAwJBOyZLHoKE4b6x4fwD6QDel:1tH5eJ:gG44uC2ExKnmQAQhDX_gjTTwaFZYKGKjUgeVjbGyE5c", "expire_date": "2024-12-13T18:23:27.273Z"}}, {"model": "sessions.session", "pk": "6ceet6eqyif3x7nmmfg9d5ld0xi78g0u", "fields": {"session_data": ".eJxVjEEOwiAQRe_C2hAGaAMu3XsGMsMMUjU0Ke3KeHdt0oVu_3vvv1TCba1p67KkidVZjer0uxHmh7Qd8B3bbdZ5busykd4VfdCurzPL83K4fwcVe_3WgcBn9oaDOGvHAW3GQByFrDOQBXIhwDA4xCAGwFjPoZgi4qJEU9T7A_akOHk:1tGH9D:5kcj7fHH3-MovQpZac2ktxaKD3wX5faGpuwqZcFR-ok", "expire_date": "2024-12-11T12:27:59.460Z"}}, {"model": "sessions.session", "pk": "6ebax224wry7hsvnd1yxiujimfexjhjq", "fields": {"session_data": ".eJxVjDkOwjAUBe_iGlnfjrdQ0nMG6y82DqBEylIh7g6RUkD7Zua9VMZtbXlbypwHUWcV1el3I-RHGXcgdxxvk-ZpXOeB9K7ogy76Okl5Xg7376Dh0r61DQJQYxXqCxAzBep6DqlYdtFDis54k7BzDkNiBiO9VA9I1aZIEdT7A_NqOAI:1tGuX7:mxbdGPuSO8CE1TGO16mC-Wr_5FFuoN4RcsN5YkO8EOU", "expire_date": "2024-12-13T06:31:17.076Z"}}, {"model": "sessions.session", "pk": "6i0n2a7cpkmjsr57fsotn85v5hx3lkp3", "fields": {"session_data": ".eJxVjM0OwiAQhN-FsyEgP4JH730GsuwuUjU0Ke3J-O62SQ96nPm-mbdIsC41rZ3nNJK4Ci1Ov10GfHLbAT2g3SeJU1vmMctdkQftcpiIX7fD_Tuo0Ou2ZnBZG-dzVOCijhfUUVEuDi0hW88US_EQt2hK8MWcOWtrmTAogyqIzxf6lTic:1tCkgz:EE93Gw9C4QJKn9Pj5LWptHPJqzUyFv2KqlXPkguF3Cg", "expire_date": "2024-12-01T19:12:17.537Z"}}, {"model": "sessions.session", "pk": "6i9ai8d3t11k9jamxjx35r2ol548808o", "fields": {"session_data": ".eJxVjMsOwiAQRf-FtSHlDS7d-w1kmAGpGkhKuzL-uzbpQrf3nHNfLMK21riNvMSZ2JkJdvrdEuAjtx3QHdqtc-xtXebEd4UfdPBrp_y8HO7fQYVRv3VB572UExpCKqiDTiIJRWC8yyC10QGk9UFJm4opVqESIvuJVMpBk2PvD-m1N9o:1tG2CJ:N6y-LMC28jY7xBRg9N3l9epElK2ZUhBJK4WePPuoe_A", "expire_date": "2024-12-10T20:30:11.280Z"}}, {"model": "sessions.session", "pk": "6ksqv1lpzpwojxkbms7ntp74ztbwsk0t", "fields": {"session_data": ".eJxVjEEOgjAQRe_StWk6MqXFpXvO0ExnpoIaSCisjHdXEha6_e-9_zKJtnVIW9UljWIuBszpd8vED512IHeabrPleVqXMdtdsQettp9Fn9fD_TsYqA7fuvWOm4gAggoqrsmKEWOkszIrojJ2vrADLMTBBZDYIiAV7SQ0ns37A97PN_8:1tHA8R:KK7rPOx30x5HRhOBPieZ3GS-gG5WRo-8kM4i3Ukd_rY", "expire_date": "2024-12-13T23:10:51.595Z"}}, {"model": "sessions.session", "pk": "707spq5jo129kqnzgf47v0xnckatz7zz", "fields": {"session_data": ".eJxVjMsOwiAQRf-FtSEdHlPq0r3fQBgYpGogKe3K-O_apAvd3nPOfQkftrX4rfPi5yTOAsTpd6MQH1x3kO6h3pqMra7LTHJX5EG7vLbEz8vh_h2U0Mu31iM4xdYhGaMTJtImKwBFMfNkOXAErXNGN2nAiIyEjkab3WDDoADF-wPWpDd5:1tEj03:KEBV__fQqnGG8GdibTVSVcKE9hnrZPQfJFtjGYT6XnY", "expire_date": "2024-12-07T05:48:07.668Z"}}, {"model": "sessions.session", "pk": "737fhw6xp8tajdupdabq9y1lnrs71uoy", "fields": {"session_data": ".eJxVjEEOwiAQRe_C2hCgM7S4dO8ZyACDVA0kpV0Z765NutDtf-_9l_C0rcVvnRc_J3EWVpx-t0DxwXUH6U711mRsdV3mIHdFHrTLa0v8vBzu30GhXr41BE0mRjIT4hARdR4YdJ4UkyJjLWsVAgCnFI0JzlmdXAYYcGTADKN4fwDo-jfI:1tGRAO:kZuQnx6vNvgtJPjHch2B5RGHriB5HYPdEVroQm2PtwQ", "expire_date": "2024-12-11T23:09:52.148Z"}}, {"model": "sessions.session", "pk": "761gdjhwvkcw15rmxypr4e49dcuq6hbn", "fields": {"session_data": ".eJxVjMsOwiAQRf-FtSHyKGVcuu83kIEZpGogKe3K-O_apAvd3nPOfYmA21rC1nkJM4mLcOL0u0VMD647oDvWW5Op1XWZo9wVedAup0b8vB7u30HBXr71CC6iwqyVxgHAKAeOtLbRIrJ3YA16T0zM2pJCk9ibM-hRZWcS5EG8P9m2N7M:1tGJNg:RPATGP7_rep9ut-PjqIGmrE-X9kbj_ua_-aozUdfzbY", "expire_date": "2024-12-11T14:51:04.089Z"}}, {"model": "sessions.session", "pk": "7a9ubg7j6wxo4wdwmleivw1a5rm2ndmd", "fields": {"session_data": ".eJxVjMEOwiAQRP-FsyELBRY8evcbyMKiVA1NSnsy_rtt0oMmc5r3Zt4i0rrUuPYyx5HFWShx-u0S5WdpO-AHtfsk89SWeUxyV-RBu7xOXF6Xw_07qNTrtkab-WbtlqCB0Skg9ERotDcOnAqOLBRXdAoFkkXvczYOB-CgQoJBfL7AyDbA:1tHAA3:migwhd2NmRI-u1NDZIu3BYqJc4-tYXgtZgU7EOiqkLs", "expire_date": "2024-12-13T23:12:31.109Z"}}, {"model": "sessions.session", "pk": "7ad2dfleum1lk9vt0qmz90drfuexj3n3", "fields": {"session_data": ".eJxVjMEOwiAQRP-FsyFsKFI8evcbyC67SNVAUtqT8d9tkx70Npn3Zt4q4rqUuHaZ48TqokCdfjvC9JS6A35gvTedWl3mifSu6IN2fWssr-vh_h0U7GVbZ0EKbgSTR59hSOBhCMEJo9CWzszO-GCNyQwoRgaSbMkTswdCturzBfIzOL0:1tG4oU:ZuoQY_OjWzfV08d_11nJouhyIEGC6uRIHy_ewjTBWiY", "expire_date": "2024-12-10T23:17:46.229Z"}}, {"model": "sessions.session", "pk": "7be83pux2jn7rw9ydixyplublr9gx77s", "fields": {"session_data": ".eJxVjMsOwiAQRf-FtSFQKA-X7v0GMsMMUjU0Ke3K-O_apAvd3nPOfYkE21rT1nlJE4mz0OL0uyHkB7cd0B3abZZ5busyodwVedAurzPx83K4fwcVev3WzlpEr1BjAYMm6KAGjobYj0gAXkUoBCUQOTCaIoG2hUrQPJjsRhLvDwK5ORQ:1tGFS2:MGljELZOYcenjDv1SbfGq0qetIgVKVgh7qGWIdD-dNo", "expire_date": "2024-12-11T10:39:18.744Z"}}, {"model": "sessions.session", "pk": "7qe70g23c8rl8fmllnehdu8wk4ocnqin", "fields": {"session_data": ".eJxVjDsOwjAQBe_iGllZ4t9S0ucMlu1d4wCypTipEHeHSCmgfTPzXsKHbS1-67z4mcRFGHH63WJID647oHuotyZTq-syR7kr8qBdTo34eT3cv4MSevnW6MjapBygxiFo4mE8a4AcHTMaQKKQaYRIeiRQ6HJCDVkTGuMsKhbvD9lDN6Y:1tGR8b:b-xYRWN3KB9hN0AFS5OJl85fGuavbtk_eoZwyNNmInQ", "expire_date": "2024-12-11T23:08:01.291Z"}}, {"model": "sessions.session", "pk": "7syvgf0mqzco2pn2n2bf83l8ba8mk42p", "fields": {"session_data": ".eJxVjMsOwiAQRf-FtSGAPGZcuu83kBmgUjU0Ke3K-O_apAvd3nPOfYlI21rj1ssSpywuQovT78aUHqXtIN-p3WaZ5rYuE8tdkQftcphzeV4P9--gUq_fGoMawRKYEsAFAKNgZAgOLXtSmBACEp8ZnTdKe2KNxYFLNlDSxbB4fwC3RzcI:1tH5Wy:DzpdQNDO3YIVfOcciQsrnLALBRWx8prTeC2QxGRYmZ8", "expire_date": "2024-12-13T18:15:52.404Z"}}, {"model": "sessions.session", "pk": "7wokohx4id4jxydh8ov60qxuhj64o9sa", "fields": {"session_data": ".eJxVjE0OwiAYBe_C2hCw0FKX7nsGwvcnVQNJaVfGu2uTLnT7Zua9VEzbmuPWeIkzqYuy6vS7QcIHlx3QPZVb1VjLusygd0UftOmpEj-vh_t3kFPL39qnTgKwQY_AQr03ZEewFIYQzt6zZduzc07IoAnSIbvBiRvFsO0IQL0__uk4lA:1tHIl4:lh30-ca6mTMFAcdz81NHJEbNPuHvsT_aILws2LXCDVA", "expire_date": "2024-12-14T08:23:18.475Z"}}, {"model": "sessions.session", "pk": "82j5nxvm54n6zymfbvcvvir6ul6o7zfz", "fields": {"session_data": ".eJxVjDsOwjAQBe_iGll2_BUlPWewdu1dHECOFCdVxN1JpBTQzsx7m0iwLjWtneY0FnEVWlx-GUJ-UTtEeUJ7TDJPbZlHlEciT9vlfSr0vp3t30GFXvd1LIROg1E5DpyNdZY8Miiro8sDkWYXyJkdKm-9AVQBs4_MGCIbAPH5AvMBOIo:1tG4kW:vzbf2m9dN8NzZK_kpxRwgJhrHqFNEQgZaGYOyw8kcu0", "expire_date": "2024-12-10T23:13:40.088Z"}}, {"model": "sessions.session", "pk": "82uyuc5t2rkpjemousnup0tlww2uicyh", "fields": {"session_data": ".eJxVjMEOwiAQRP-FsyGlCBSP3v0GsuwuUjWQlPZk_Hdp0oNeJpN5M_MWAbY1h63xEmYSF2HF6TeLgE8uO6AHlHuVWMu6zFHuFXnQJm-V-HU9un8HGVrua0S2wwiJ2HmDppsuTtHkcaAxeaU5AVmLETFpbThqb8hbd3YqqSmKzxcnsDk2:1tG2De:4SOgNHWh6oUuxzyWbalcvzWiK4Kviedhv_K8UVWHTrU", "expire_date": "2024-12-10T20:31:34.826Z"}}, {"model": "sessions.session", "pk": "8bfpi98ong0px0m3upw28msni9x6nlak", "fields": {"session_data": ".eJxVjEEOwiAQRe_C2hAKU6Au3XsGAjODVA0kpV0Z765NutDtf-_9lwhxW0vYOi9hJnEWgzj9binig-sO6B7rrUlsdV3mJHdFHrTLayN-Xg7376DEXr61GXnKHkE7NAhkyCZCHkHhwA6so5QAtIkZwLJCh8yclaNJW-cTevH-APr2OKA:1tG4Pz:nM2WWh-Pnpbyu-a0QL-QbjudwOGwujwDuKJFhVd3En8", "expire_date": "2024-12-10T22:52:27.059Z"}}, {"model": "sessions.session", "pk": "8lh8a7nnz3o87dsugq5hihtdcz1d8ft3", "fields": {"session_data": ".eJxVjMsOwiAQRf-FtSEM5enSvd9AgGGkaiAp7cr479qkC93ec859sRC3tYZtlCXMyM4M2Ol3SzE_StsB3mO7dZ57W5c58V3hBx382rE8L4f7d1DjqN9aedBaJ8pSYEShwJDUoK0XKJwkjFK5jDZ5DwopuTwBakuTNTR5MJa9P87AN00:1tCmtZ:J84jwKXBypZmU4qKE6C_ViqUjfsnIX9k-_wPM8xCuoI", "expire_date": "2024-12-01T21:33:25.623Z"}}, {"model": "sessions.session", "pk": "8sufs2sym1utyysy5qkfua3jbps13930", "fields": {"session_data": ".eJxVjDsOwjAQBe_iGlk2_sWU9DmDtV7v4gBypDipEHeHSCmgfTPzXiLBtta0dVrSVMRFBHH63TLgg9oOyh3abZY4t3WZstwVedAux7nQ83q4fwcVev3Whpiz0zxYtoqdV4qcjmhcABMxksEIFDIVQ35gnR15PnMJrBGyZRDvDwBcOTc:1tGuPH:VhriRe3qG31EbnwaIju-15DaO718_IOCrieZxtVg0Rc", "expire_date": "2024-12-13T06:23:11.308Z"}}, {"model": "sessions.session", "pk": "8xgb9yd93r92l6hakoihuqirqgrb2ypi", "fields": {"session_data": ".eJxVjLsOAiEQAP-F2pCFPQ6wtL9vIAuscmoguUdl_HcluULbmcm8RKB9K2FfeQlzFmcxitMvi5QeXLvId6q3JlOr2zJH2RN52FVOLfPzcrR_g0Jr6VuEpBgVgQaXFCTw14HdOGiymdF5VApdNBoY0Fr0BvyYjSVH385r8f4AsoY2fg:1tG2LP:GfSt9Bjt5hgEODQpIM-DRmi24xIMI9SvL8pWIrntOTo", "expire_date": "2024-12-10T20:39:35.425Z"}}, {"model": "sessions.session", "pk": "8zu5fxwlkwy3pc7aft4yyqheyoiyy72t", "fields": {"session_data": ".eJxVjEEOwiAQRe_C2hBQGAaX7j1DM8xQqRpISrsy3l2bdKHb_977LzXQupRh7XkeJlFnBerwuyXiR64bkDvVW9Pc6jJPSW-K3mnX1yb5edndv4NCvXxr652gQ6aYg_AYDBIQOmDh5NljHKOIBTgiePHpBAElQDaRTUTrWL0_8L831A:1tGCVK:NbgPJeUgYyPLo4uveIASRTdZiif6WVh8_tfKU3Aqngo", "expire_date": "2024-12-11T07:30:30.560Z"}}, {"model": "sessions.session", "pk": "98bhn93l38m3kgowla79sdbwv2x3bflb", "fields": {"session_data": ".eJxVjDsOwyAQRO9CHSHDml_K9D4DWhYITiIsGbuKcvcYyUVSjTTvzbyZx30rfm9p9XNkVybY5bcLSM9UO4gPrPeF01K3dQ68K_ykjU9LTK_b6f4dFGylr7WxxgHlkWQ0kHVwCUlLOMJGpUQmlVCJYdTicAFBKgtWQSSXMg7s8wXo0jfl:1tCkXe:EDBRCtFIwO_VQMw-sITbp6kz6eJEnUNo3ASOFyDlOeA", "expire_date": "2024-12-01T19:02:38.170Z"}}, {"model": "sessions.session", "pk": "9dg1iazxafa1lav2gsgcg724ziv60l72", "fields": {"session_data": ".eJxVjDsOwjAQBe_iGlnxdx1Kes5g2btrHECOFCcV4u4QKQW0b2beS8S0rTVunZc4kTgLJU6_W0744LYDuqd2myXObV2mLHdFHrTL60z8vBzu30FNvX5rWywpGDzZ0SBwSqSNd-StYkQL4DIYMCFnDLoEHKEEVprBDQiZtBXvD-GWN-Q:1tCnC7:3yQk5egCrN5T-eKPhgD__zjCpKcr8Rd6d9brj-V3iRE", "expire_date": "2024-12-01T21:52:35.247Z"}}, {"model": "sessions.session", "pk": "9eripm6rezqh9un3tp1mzpu1lktdfkgd", "fields": {"session_data": ".eJxVjE0OwiAYBe_C2hBASsGl-56BfD8gVQNJaVfGu2uTLnT7Zua9RIRtLXHraYkzi4vQ4vS7IdAj1R3wHeqtSWp1XWaUuyIP2uXUOD2vh_t3UKCXbz2wI221D4aUIh-GPHrUISt0Pidm65wFZgMuqECcw1llwhFRoTfASbw_4gE4mw:1tCoAy:xMgiGyF_JdcucB4i4apffRgHiq_w2UFvElnEexkOehI", "expire_date": "2024-12-01T22:55:28.628Z"}}, {"model": "sessions.session", "pk": "9g9h8v1c8tyonsu5wirrnl1o5r8sd66y", "fields": {"session_data": ".eJxVjLsOAiEUBf-F2hBAHmJp7zeQ-wBZNZAsu5Xx33WTLbQ9M3NeIsG61LSOPKeJxVl4cfjdEOiR2wb4Du3WJfW2zBPKTZE7HfLaOT8vu_t3UGHUbx3Ac8QQCnomG4mUUcYhlWKO0WkoRoF3QVssnImCDkh48t6aaLNFFu8PAKk4lw:1tGR5C:G43MK-S_dITf-m2elDACd3Vivo2T_0jFgcYDoXgZUFU", "expire_date": "2024-12-11T23:04:30.561Z"}}, {"model": "sessions.session", "pk": "9ixvokrtbcdfy9bohpcwa1dt5tno8sjs", "fields": {"session_data": ".eJxVjEsOwjAMBe-SNYrSNK0NS_Y9Q2THDi2gROpnhbg7VOoCtm9m3stE2tYxbovOcRJzMb05_W5M6aFlB3Kncqs21bLOE9tdsQdd7FBFn9fD_TsYaRm_NbSdh5CcavYIfKaOsaXkMbcaml4UkDvoJaEDxKDM6DMFyIiCrgHz_gDjPjfM:1tGQIr:Qj4jjLtkkuQLhgKBM6x0wHZxybqZ6B0cT0M3skcekec", "expire_date": "2024-12-11T22:14:33.752Z"}}, {"model": "sessions.session", "pk": "9ja1vmmapzxuicc3g5e14z06qpuirxrq", "fields": {"session_data": ".eJxVjDsOwjAQBe_iGllefzYJJT1nsNbrDQ4gR4qTCnF3iJQC2jcz76UibWuJW5MlTlmdFajT75aIH1J3kO9Ub7Pmua7LlPSu6IM2fZ2zPC-H-3dQqJVv7czIxlihnC2TB4QEHUpi6RHFkTU-eB969K7zKJgBEgcaXDIDhFHU-wPfdzeJ:1tH6cA:1pfORLqeLnNqnmmFpsENh6TWZXyFIJaDQd5n7uNtfrM", "expire_date": "2024-12-13T19:25:18.700Z"}}, {"model": "sessions.session", "pk": "9xtz1ztb2ynpte134jwdees80b7wtfb0", "fields": {"session_data": ".eJxVjEEOwiAQRe_C2hAGmJa6dO8ZyDCAVA0kpV0Z765NutDtf-_9l_C0rcVvPS1-juIsQJx-t0D8SHUH8U711iS3ui5zkLsiD9rltcX0vBzu30GhXr61DQoRQU00RCYcLTEahZA1OMzjwMnGABotuKx5ysZk58DowKg4Eov3B8cnN44:1tGG8E:6VOJ1ysdENTgLupjQTbA2su96DkTawif0YHr9vxL6t0", "expire_date": "2024-12-11T11:22:54.169Z"}}, {"model": "sessions.session", "pk": "9z3nkjxs0rvpchuc126xv0vm5cmf7t0h", "fields": {"session_data": ".eJxVjDsOwjAQBe_iGlnJrteJKek5g7X-4QCypTipEHcHSymgfTPzXsLyvmW7t7jaJYizGMXpd3PsH7F0EO5cblX6WrZ1cbIr8qBNXmuIz8vh_h1kbvlbA8EMXk0wa0AfkiKH5DThZBiI2AwwdEAKQoyYzKjRY6KYKIBmI94fsoY3FA:1tGG2N:6KddcTtvkWuA16YeYcn8sILl3_2d4LWls2RplFngZqo", "expire_date": "2024-12-11T11:16:51.095Z"}}, {"model": "sessions.session", "pk": "9zz9h0ldhd8juyxf17bd0wqpj7vpd5l9", "fields": {"session_data": ".eJxVjDsOwyAQBe9CHaE1ID4p0-cMaJeF4CTCkrErK3ePLblI2pl5bxMR16XGtec5jiyuYhCXX0aYXrkdgp_YHpNMU1vmkeSRyNN2eZ84v29n-3dQsdd9bb0zmkCz0YpygaCS9yaUgC4nJm93XsLgEViBMj6zBafBcXE2kUXx-QLNXDd_:1tCmmA:8WE_TmS87Suz1U-zEM-MAEj9T6MBd4RNhUVxEYodbqo", "expire_date": "2024-12-01T21:25:46.820Z"}}, {"model": "sessions.session", "pk": "abno0kh1p9npxfa09wloa7gupi51w58f", "fields": {"session_data": ".eJxVjMsOwiAQRf-FtSFDoTxcuvcbCMNMpWogKe3K-O_apAvd3nPOfYmYtrXErfMSZxJnocTpd8OUH1x3QPdUb03mVtdlRrkr8qBdXhvx83K4fwcl9fKtE5hs08haw8RoHAMgoXbBBQMGiNj4gINVXvuRAxuLbNEzT2FQlrR4fwDjzTfe:1tCo1e:hprOe3axVp2Kv9mvgtpu5KNBDHtzIPtshvvZZoS-z7E", "expire_date": "2024-12-01T22:45:50.087Z"}}, {"model": "sessions.session", "pk": "ag95qf9378cq0cszw8rrihurucmur6z1", "fields": {"session_data": ".eJxVjDsOwjAQBe_iGln-xD9K-pzB2l3bOIAcKU4qxN1JpBTQvpl5bxZhW2vcel7ilNiVWXb53RDomdsB0gPafeY0t3WZkB8KP2nn45zy63a6fwcVet1ribKg9jKRsZmCCclbCk65JEj4gCIrBKm0hUJWDzTsLjntDQhTpAT2-QLmlDec:1tG3pa:j9-UpAldPDfSWVU9yYgB9OV_-jpQBWBA3U9U_iHE4ug", "expire_date": "2024-12-10T22:14:50.191Z"}}, {"model": "sessions.session", "pk": "anbsplhyadrz3di3ieinjq5yf3kzsnok", "fields": {"session_data": ".eJxVjEsOAiEQBe_C2hAYoAWX7ucMpKFpGTWQzGdlvLtOMgvdvqp6LxFxW2vcljLHicRFaHH63RLmR2k7oDu2W5e5t3WektwVedBFjp3K83q4fwcVl_qtzyZoa1Ig70DlVJCT8jA4QAiDBWQOhBYJgBHJUUnODJbZqKx94SDeH-nTOJ0:1tDVds:FalLsjZH0eTUOUlM91r1iLerhIM-sr7rs02DcJQTBko", "expire_date": "2024-12-03T21:20:12.328Z"}}, {"model": "sessions.session", "pk": "aoe8u72nhgy80zzwsvgv2e3hi2wxfugq", "fields": {"session_data": ".eJxVjDEOwyAQBP9CHSFjwNylTO83oOOA4CQykrGrKH-PLblImi12ZvctPG1r8VtLi5-iuAolLr9dIH6m-QDxQfO9Sq7zukxBHoo8aZNjjel1O92_g0Kt7OugBkO9Ru4j4Z6IXQ8KAK1miwDOgFE6ZmbMhlI2xnYWyYFzA7ND8fkCu8M26A:1tHLba:HJedrxilKE8Gq3LRG1Kbv2ptAIfjqwopxiEsioFlgZQ", "expire_date": "2024-12-14T11:25:42.752Z"}}, {"model": "sessions.session", "pk": "ap41ajv28neiscciu2pn0jklfsheuvkt", "fields": {"session_data": ".eJxVjMsOwiAURP-FtSHQS8G6dO83kPsAqRqalHZl_HfbpAtdzpwz81YR16XEtaU5jqIuyqvTb0fIz1R3IA-s90nzVJd5JL0r-qBN3yZJr-vh_h0UbGVbD8BEDlzHjJ1lGCx4IJtyMDn0xGYLkA2A2CxEvXGSmI0_e08SUNTnC-ugOHA:1tGQcy:dVcuZTLZ5SmlznJC_uZdaK5jsIh0ndmgH68iMcgJSSk", "expire_date": "2024-12-11T22:35:20.882Z"}}, {"model": "sessions.session", "pk": "asg2j860irqg7ckgc7t3b2247fc62wt9", "fields": {"session_data": ".eJxVjMsOwiAQRf-FtSFCOzxcuu83kJkBpGogKe3K-O_apAvd3nPOfYmA21rC1tMS5iguYhSn342QH6nuIN6x3prkVtdlJrkr8qBdTi2m5_Vw_w4K9vKtQbNmVuyRDZ8J0jjoHBkGk8g7pUbtHUfUlgmsBYXeEPioKOlsnc_i_QH2ATg-:1tCkGM:CpMt54cuilB6AtzW7roKqvNdlZQuVqh7HY0xZSjGSqI", "expire_date": "2024-12-01T18:44:46.280Z"}}, {"model": "sessions.session", "pk": "awiwau3ce96mg2bufwgusdqdu77txuqe", "fields": {"session_data": ".eJxVjDsOwjAQBe_iGllLcGKbkp4zWPsDB5AtxUmFuDuJlALaNzPvbRIuc05L0ymNYs7maA6_GyE_tWxAHlju1XIt8zSS3RS702avVfR12d2_g4wtr_XtBKRIos47Lx1xFInkUVg49jq4jpQQgguRYQBg6hXQQQirCpHN5wskLzkZ:1tCnIz:QPGWIy6NVzvONqPbhBmPbrYWhtiaL6odDKcU_rNx25Y", "expire_date": "2024-12-01T21:59:41.606Z"}}, {"model": "sessions.session", "pk": "b1bgcqruglhki8zzqbcux982ox0sks2i", "fields": {"session_data": ".eJxVjMEOwiAQBf-FsyGwQAGP3vsNZFlAqoYmpT0Z_9026UGvb2bemwXc1hq2npcwJXZlA7v8bhHpmdsB0gPbfeY0t3WZIj8UftLOxznl1-10_w4q9rrX2WWnlEhKW6BCfpAFBPpobTFGORCqkIzRRO1oB7JIBASnwBsCp4F9vtjlNzc:1tG1bz:W2t1Zx-MWFLC-Cpkd7cFzJXMi8vYmaOE0fNhX7S3zkQ", "expire_date": "2024-12-10T19:52:39.641Z"}}, {"model": "sessions.session", "pk": "bmn206oag7mfuax3t9gga2bjrjczepmp", "fields": {"session_data": ".eJxVjDsOwyAQBe9CHSGvF9uQMr3PgBZ2CU4ikPypotw9QnKRtG9m3lt5Ovbsj01Wv7C6qlFdfrdA8SmlAX5QuVcda9nXJeim6JNueq4sr9vp_h1k2nKrB0LpEEdETo4nMQBDtJaQXexcEIdgEkAQ7AxMFpP0xNHYyLYnQPX5AuBhN8w:1tGtpP:HQZGigdRFwIsUaya7NA_mHvOpRhyJGFb1VSxraD_HE8", "expire_date": "2024-12-13T05:46:07.188Z"}}, {"model": "sessions.session", "pk": "bx4tm2jn83u9rtom8cj7a305mluscrbk", "fields": {"session_data": ".eJxVjDsOwjAUBO_iGll2_MOU9DlDtPZ7wQFkS_lUiLtDpBTQ7szsSwzY1jJsC8_DROIizuL0uyXkB9cd0B311mRudZ2nJHdFHnSRfSN-Xg_376BgKd8aFvDaG80OTFAMICIYCk5pFaHGLlmfg7Le2WQjKBvVBSaTXDRjFu8P-uk4RA:1tGsLZ:mFojef6iNMsSX7V62we-MjA5-i2NV88Wq-0xMq5KAzQ", "expire_date": "2024-12-13T04:11:13.896Z"}}, {"model": "sessions.session", "pk": "cbpeodv3rbbk3bntcsdu0hecn1tupj51", "fields": {"session_data": ".eJxVjEEOgjAQRe_StWkoDKXj0r1naGamU4saSCisjHdXEha6_e-9_zKRtrXEreoSx2TOxpvT78YkD512kO403WYr87QuI9tdsQet9jonfV4O9--gUC3fWroEKhlRIA_iqesYEJqEwIECu559m5NrmFj6Rl2PoYXAgwpCUM7m_QEDgzii:1tG3Og:PBnJqIp7v4VQnmC9K19HFCExJ8FsAKNsAe6MmPxb0gc", "expire_date": "2024-12-10T21:47:02.828Z"}}, {"model": "sessions.session", "pk": "crqndxir68gd4xnep3m1lrar8w5nma4m", "fields": {"session_data": ".eJxVjEEOwiAQRe_C2hBgKAGX7j0DGZhBqgaS0q6Md9cmXej2v_f-S0Tc1hq3wUucSZyFFqffLWF-cNsB3bHdusy9rcuc5K7Igw557cTPy-H-HVQc9VsnpbWF4AGMUcycE3ulS3C2lGISWJzYlAmNAaCMJXkK6EARhew8efH-AOGFOFs:1tHJgq:pI9NVb6UwFAUFfeLe2tqQbfRebW7QBiQ4KVrODQT0oo", "expire_date": "2024-12-14T09:23:00.275Z"}}, {"model": "sessions.session", "pk": "ctewt89r4j08kbo1ybibox8bmwdii3h2", "fields": {"session_data": ".eJxVjEEOwiAQRe_C2hCGQttx6d4zkIEZpGpoUtqV8e7apAvd_vfef6lA21rC1mQJE6uzAnX63SKlh9Qd8J3qbdZprusyRb0r-qBNX2eW5-Vw_w4KtfKtjVAWi9F7jwPLmKHvmNEm58iCsPfODtBxRnQAZNIYIYnzyL2xCKTeH-hiN6M:1tG4ie:8_WPmZ1XqNCZwS15kfb2C0IflB554T-zeBE85Nh56RU", "expire_date": "2024-12-10T23:11:44.223Z"}}, {"model": "sessions.session", "pk": "czezol671e898ci80ra0h0rbtqne382p", "fields": {"session_data": ".eJxVjDEOgzAMAP-SuYoSk4Dp2J03RI5tCm0FEoGp6t-rSAztene6t0l07FM6im5pFnM13lx-WSZ-6lKFPGi5r5bXZd_mbGtiT1vssIq-bmf7N5ioTHXLHtroxTfqR8iu6zn2CqQUhELbdIKInWOi6JDVBUEeR4DsnTaAwXy-2ns3vQ:1tGtb1:qZ5bW0kD6Mqdqi_UWEgQKmFqi5iCMuHJIj3OOmUNRrg", "expire_date": "2024-12-13T05:31:15.940Z"}}, {"model": "sessions.session", "pk": "dr0n9xxsuey10nz7hwnwbg4g8jen8y6f", "fields": {"session_data": ".eJxVjMsOwiAQRf-FtSG8oS7d-w1kBhipGkhKuzL-uzbpQrf3nHNfLMK21riNssQ5szNz7PS7IaRHaTvId2i3zlNv6zIj3xV-0MGvPZfn5XD_DiqM-q11UuidNIpC0N5KskIW6RRllYSlpKwgjzJMpMELcDgVcJaMR5NEwMzeH8igN6E:1tGFYJ:5moDjyp8EEgAtAK0MJgxmJS9Cz9MblPNRfJLSZwNpa0", "expire_date": "2024-12-11T10:45:47.211Z"}}, {"model": "sessions.session", "pk": "drs6bh63jawswqee6f9s3582u7h81oak", "fields": {"session_data": ".eJxVjMsOwiAURP-FtSFILwIu3fcbCPdRqRqalHZl_HfbpAtdzGbOmXmrlNelpLXJnEZWV3VWp98OMz2l7oAfud4nTVNd5hH1ruiDNt1PLK_b4f4dlNzKtradgPXOE1yEIpM1xDGIcbiFLBo_iAOgHCNCB-AMcrAiESUMBqz6fAHkWTgF:1tGFnN:4-lL9BhWsRuRMTnlgLpGW9Kk3OTQQ2HZQdPsmPWyAo8", "expire_date": "2024-12-11T11:01:21.898Z"}}, {"model": "sessions.session", "pk": "dvgrez8l9aqxn2ni040jmluyst4rajbe", "fields": {"session_data": ".eJxVjEEOwiAQRe_C2hBoYaAu3XsGMjCDVA0kpV0Z765NutDtf-_9lwi4rSVsnZcwkzgLEKffLWJ6cN0B3bHemkytrssc5a7Ig3Z5bcTPy-H-HRTs5VtnIMve26RcplFpQmMiQNIE4EfSltSUjdZgJ8iUohvYIWMmttYkGMT7A-w1OEM:1tG2di:lWEyVmjeXF5P7XxBLFhfms9LDSLNqzXRoeT2OePCBZE", "expire_date": "2024-12-10T20:58:30.837Z"}}, {"model": "sessions.session", "pk": "dwdvlgghldaf58t9fboz822jkcbntu60", "fields": {"session_data": ".eJxVjMsOwiAQRf-FtSG0DC-X7v0GAjMgVQNJaVfGf1eSLnR7zzn3xXzYt-L3nla_EDuziZ1-txjwkeoAdA_11ji2uq1L5EPhB-382ig9L4f7d1BCL98aNSGJ5Jyy0TgNYEHPCqMFlyEaKeQsES3pnERGDUIaRJURpzBEYu8P3h835A:1tG3ps:VaC-Ob46iXQ09wVyqYopgdEXqdmEjI-cMlDCwzC91Mo", "expire_date": "2024-12-10T22:15:08.203Z"}}, {"model": "sessions.session", "pk": "e28x3lgddlajuvbrgrxmj90h49m7smwe", "fields": {"session_data": ".eJxVjEEOgjAQRe_StWmgA5Rh6d4TGNO0M1NBDTW0rIx3VxIWuv3v_fdSzq9ldGuWxU2sBmXV4XcLnu4yb4Bvfr4mTWkuyxT0puidZn1KLI_j7v4FRp_H7R36XjoiwgitZaQGoOlNXbGRaLvKNmgJAAxhoOg7A2hiHVvBgMQcvtEsD6Ei7J5L4pVKVsP58v4AXvFAzw:1tHdrn:Q17uV2KT77q98oaABx3_eFAdc3pO2EY9apNJnbCunYo", "expire_date": "2024-12-15T06:55:39.523Z"}}, {"model": "sessions.session", "pk": "e6d5dbs6nked9doekq2o66dsq1emdthj", "fields": {"session_data": ".eJxVjDsOwjAQBe_iGlmbeNcfSnrOYK3XNgkgR8qnQtwdIqWA9s3Me6nI2zrEbSlzHLM6K6tOv1tieZS2g3zndpu0TG2dx6R3RR900dcpl-flcP8OBl6Gby3eVEcFKBNaT-RM7TwFQwKM2AnbHh1CX_tiKwgKQg7e5gpgiENS7w-7WDbq:1tGCwx:rhDfX14pD5SG4dqbDMUDYx-kZh-ewDBRqiVMpEhqBlo", "expire_date": "2024-12-11T07:59:03.508Z"}}, {"model": "sessions.session", "pk": "e6oii7ia6s8x3ofq36um02ab0swux6pc", "fields": {"session_data": ".eJxVjEEOwiAQRe_C2pCGKQy4dO8ZyMAMUjU0Ke3KeHdt0oVu_3vvv1Skba1x67LEidVZOXX63RLlh7Qd8J3abdZ5busyJb0r-qBdX2eW5-Vw_w4q9fqtPQAmsmIN5oAijh2EYoobnMHEBgCIYXQYiAcuJZEBYcujD-gNevX-AODsN8U:1tGQa6:pBheTMcL2SNaJ3rzrP2K6DCLAdDpIoqh7YnRfe7yrqY", "expire_date": "2024-12-11T22:32:22.865Z"}}, {"model": "sessions.session", "pk": "e8jj2vjyjcjck7uil2gvq2erw44r1fju", "fields": {"session_data": ".eJxVjMsOwiAQRf-FtSHyKGVcuu83kIEZpGogKe3K-O_apAvd3nPOfYmA21rC1nkJM4mLcOL0u0VMD647oDvWW5Op1XWZo9wVedAup0b8vB7u30HBXr71CC6iwqyVxgHAKAeOtLbRIrJ3YA16T0zM2pJCk9ibM-hRZWcS5EG8P9m2N7M:1tGJNf:xlyi9pPk_x8OOM8Px0ieN6HQGlXsEPTbxpseQKHMVmk", "expire_date": "2024-12-11T14:51:03.911Z"}}, {"model": "sessions.session", "pk": "ec95eq8pu6txiylmp7djaglzdp9ec55t", "fields": {"session_data": "e30:1tCkNl:yu64Q7LoyHzf97hJOICAGhYTWkCAiFBrOH31hS0z-jI", "expire_date": "2024-12-01T18:52:25.339Z"}}, {"model": "sessions.session", "pk": "egoaw3s9x6iypxdswt9kl4du9nl67hlt", "fields": {"session_data": ".eJxVjDsOwjAQBe_iGln-fyjpOYO19q5xADlSnFSIu0OkFNC-mXkvlmBbW9oGLWlCdmaSnX63DOVBfQd4h36beZn7ukyZ7wo_6ODXGel5Ody_gwajfWvrQQeoUgQTSCM6DV4F462XjkQMJcsafVTRVSlJmFrIWSqaMiEpT-z9ActCN-4:1tEgxK:XA7CE_Mrl0GM349TXLZEsreIubdkBj2IcGN7lwcFcBY", "expire_date": "2024-12-07T03:37:10.331Z"}}, {"model": "sessions.session", "pk": "el7tjmlkrihjmsruvfvex1ja0w80hr6a", "fields": {"session_data": ".eJxVjEEOwiAQRe_C2hAgM5Zx6d4zNMAMUjWQlHbVeHdt0oVu_3vvb2oM61LGtcs8TqwuyqrT7xZDekrdAT9CvTedWl3mKepd0Qft-tZYXtfD_TsooZdvbRIAZZuGAcSBC-I5evbeSAJLZzGIjAg8IAGGhERsMnlwaJFiJvX-ANNQNzo:1tGFpW:CD7j4gI0z27hl7JFQ64vkwafTmh6nYthjxQNRuEh9wU", "expire_date": "2024-12-11T11:03:34.249Z"}}, {"model": "sessions.session", "pk": "eud1vldme2n64n021l3262gybpn334ti", "fields": {"session_data": ".eJxVjEEOwiAQRe_C2hBoB6a4dO8ZyACDVA0kpV0Z765NutDtf-_9l_C0rcVvnRc_J3EWWpx-t0DxwXUH6U711mRsdV3mIHdFHrTLa0v8vBzu30GhXr51xIxWq2gBmQzBwJSddiMlHOwY8qiQkjHophCsIcroDDtgNUUICCDeH-eWN-Y:1tCnXl:pWIc1QuP8bUKGV2-weNNh3_VKCn9YkAI-YTXY2G9jVs", "expire_date": "2024-12-01T22:14:57.807Z"}}, {"model": "sessions.session", "pk": "eyi5hzuhiellxl5i7zit3v9i2hufwf5r", "fields": {"session_data": "e30:1tCkNn:aEFvlM6F1PJTcMX7UtBVu4PNFG4SispOXGGDyXM4Z5c", "expire_date": "2024-12-01T18:52:27.389Z"}}, {"model": "sessions.session", "pk": "f1hcadhv6wgs5zszn6zrffyjcc28968g", "fields": {"session_data": ".eJxVjEEOwiAQRe_C2hBgCohL9z0DGZhBqoYmpV0Z765NutDtf-_9l4i4rTVunZc4kbgILU6_W8L84LYDumO7zTLPbV2mJHdFHrTLcSZ-Xg_376Bir9_agLXFOABtbQ4acyoEyG4IxmetMRi0gZ3yJg8FChMo5QtpOiM4VkW8P862N8Y:1tCmg6:95h8zoH6etpQvesSWs8ZmsX4jChB0MnCnMAhAuMkZQw", "expire_date": "2024-12-01T21:19:30.118Z"}}, {"model": "sessions.session", "pk": "f890omkpedh3neheuf90w8ijf1hort2w", "fields": {"session_data": ".eJxVjEEOwiAQRe_C2hCgUygu3XsGMgyDVA0kpV0Z765NutDtf-_9lwi4rSVsnZcwJ3EWWpx-t4j04LqDdMd6a5JaXZc5yl2RB-3y2hI_L4f7d1Cwl29NpDxonWlSxiOZMQ8jWBchOdBxYhejY3J2IIfZoh0UQ84JgQ2DJxLvD-chOJU:1tCm1S:3HWJvzX1Z0klU4lj_FM0fztZOs8Uc6SUDKzPz7RKhDw", "expire_date": "2024-12-01T20:37:30.993Z"}}, {"model": "sessions.session", "pk": "fe5hipjq0244ip6i80pzpp40w5lc2c66", "fields": {"session_data": ".eJxVjMEOwiAQRP-FsyECZWE9evcbCLBbqRpISnsy_rtt0oNe5jDvzbxFiOtSwtp5DhOJi1Di9NulmJ9cd0CPWO9N5laXeUpyV-RBu7w14tf1cP8OSuxlWwMAEZjo0NPgBzOCyoxgzOgdKK8d5sRgmR2yOjvOqHTWFu0WRnsrPl_IsDbk:1tCmye:BRg0dQH5gUbnCsSTAA_WDtemEzCRFtWdi8fjC5Kw1hQ", "expire_date": "2024-12-01T21:38:40.631Z"}}, {"model": "sessions.session", "pk": "fni68xn4lbk66hpsmvms87btl69j5n3p", "fields": {"session_data": ".eJxVjEEOwiAQRe_C2hAKU6Au3XsGAjODVA0kpV0Z765NutDtf-_9lwhxW0vYOi9hJnEWgzj9binig-sO6B7rrUlsdV3mJHdFHrTLayN-Xg7376DEXr61GXnKHkE7NAhkyCZCHkHhwA6so5QAtIkZwLJCh8yclaNJW-cTevH-APr2OKA:1tG4Py:IdOPAILoWv6fBS9DPNJyLPXnc6IDX3fHRv9VkaKO-Z0", "expire_date": "2024-12-10T22:52:26.457Z"}}, {"model": "sessions.session", "pk": "gcr424ydruyjrtiou49p1i8f4llq0xo7", "fields": {"session_data": ".eJxVjDEOwjAMRe-SGUVNjW3CyM4ZIjuJSAElUtNOiLtDpQ6w_vfef5kg61LC2vMcpmTOxpnD76YSH7luIN2l3pqNrS7zpHZT7E67vbaUn5fd_Tso0su3BkUgTMCCcWQGP7AMGseMzgGdjsQkJBxVNSGJ9ykyeVRwKODUmfcHxAc3Og:1tH6UB:lFODwIcX-aijlsU1-IhJMZ-KTj4ipa6ghxxkIaYG-2U", "expire_date": "2024-12-13T19:17:03.757Z"}}, {"model": "sessions.session", "pk": "goge1rf747wsr9udx25wto5on386ut7f", "fields": {"session_data": ".eJxVjEsOwjAMBe-SNYrSBLsNS_Y9Q2U7DimgVOpnhbg7VOoCtm9m3ssMtK1l2BadhzGZi0Fz-t2Y5KF1B-lO9TZZmeo6j2x3xR50sf2U9Hk93L-DQkv51jlhRy1kDwjELjqBtkshRIe-AU7qtaMcWoVzlOjYoyDnRkPAQMJg3h_egDfc:1tGQVw:u7ECDVtzWrTmLJkxBhvrGDF1FLTA0Ob1ouuSNDREpc4", "expire_date": "2024-12-11T22:28:04.138Z"}}, {"model": "sessions.session", "pk": "gqvdyae6r8it7oop498ugohfyhmlejgt", "fields": {"session_data": ".eJxVjEEOwiAQRe_C2hCgdAZcuvcMZGCoVA0kpV0Z765NutDtf-_9lwi0rSVsPS9hZnEWWpx-t0jpkesO-E711mRqdV3mKHdFHrTLa-P8vBzu30GhXr619wBRQcKJQXubhziM1qID4xBUYoUa2Rp0hrTRo3Neq8ko8AqZyCfx_gCnnDY2:1tGCjX:b9-N9kSjlNveAPOGbSEcW0nvDkM-TPyKCgNDfEq3kM0", "expire_date": "2024-12-11T07:45:11.911Z"}}, {"model": "sessions.session", "pk": "gzr4gvwxdhxnxgn2287hj4hqpanmp07g", "fields": {"session_data": ".eJxVjEEOwiAQRe_C2hAKUxhcuvcMhCmDVA0kpV0Z765NutDtf-_9lwhxW0vYOi9hTuIsrDj9bhSnB9cdpHustyanVtdlJrkr8qBdXlvi5-Vw_w5K7OVbG2JSqBUo0KiNV6gMWG8MZdKM3o8WOUWHKmcHrAHMAA79SBk4D168P6zWNp8:1tGGcY:T0WTsk3JV7tiU39nIpHSb9cOJhJfqPy33IPmLs-aksc", "expire_date": "2024-12-11T11:54:14.888Z"}}, {"model": "sessions.session", "pk": "h2uvw9d8tl9rld7m7uor8ymjv6l98qr7", "fields": {"session_data": ".eJxVjDsOwjAQBe_iGlnOxl9Kes5grXcNDiBbipMKcXcSKQW0b2beW0RclxLXnuc4sTiLQZx-t4T0zHUH_MB6b5JaXeYpyV2RB-3y2ji_Lof7d1Cwl60GZ2-GjAsJMmuicdA-WYAxILpAqDib0SdlNejs_aY4C94bbZmVUU58vtWLNyE:1tHIv5:iUgQHpEMUZ1C1FpuwYTO3jiyv8akLz3YR95juq4PqqI", "expire_date": "2024-12-14T08:33:39.671Z"}}, {"model": "sessions.session", "pk": "h64ktnpz2da8lao9s60lx4u22cjbi0xb", "fields": {"session_data": ".eJxVjDsOwjAQBe_iGlkb4l8o6XOGaL3exQFkS3FSIe4OkVJA-2bmvdSE25qnrfEyzUldVKdOv1tEenDZQbpjuVVNtazLHPWu6IM2PdbEz-vh_h1kbPlbBycuOSISdnagHsBLtGJD8t5IFGIQFJazBQFvPPrAwKF3UTpnBlDvDxCyOLA:1tEjQj:SU2qA_yWwJ8UI0F6BwQI6H64excwPYcYlrPPOvx5-4g", "expire_date": "2024-12-07T06:15:41.492Z"}}, {"model": "sessions.session", "pk": "h8vfwauijm49yer0c9gym6d1qsv2f5mw", "fields": {"session_data": ".eJxVjMsOwiAQRf-FtSEgr8Gl-34DGZhRqoYmpV0Z_92QdKHbe865b5Fw32raO69pJnERVpx-t4zlyW0AemC7L7IsbVvnLIciD9rltBC_rof7d1Cx11GzMgzOg8_aQiED3gcL4AOCZaUJCYNyZw7aGlJBRzblZk10KuQYQXy-xqs21A:1tDVcJ:EUAZcxn-QaeUUaAbZcp2bOSnEppZzovXOYQDrwIJm54", "expire_date": "2024-12-03T21:18:35.941Z"}}, {"model": "sessions.session", "pk": "hc9tic6z1mrxad1dtetjer8azfdcdblp", "fields": {"session_data": ".eJxVjEEOwiAQRe_C2pC20AFcuvcMZGYYpGpoUtqV8e7apAvd_vfef6mI21ri1mSJU1JnBer0uxHyQ-oO0h3rbdY813WZSO-KPmjT1znJ83K4fwcFW_nWPnuyDljQBSFrArBDxN5hT5BcB97yENh3MLKQE8rZsPEMY6aB0aj3B_9-ONU:1tGCPx:e7m_gWYgU2DjC566h2ndWS8z0UX5xAUj6gGMuGxZUlA", "expire_date": "2024-12-11T07:24:57.528Z"}}, {"model": "sessions.session", "pk": "hwmsbnpzsmt0wyeolp6rqo7ra6ewkhf4", "fields": {"session_data": ".eJxVjEEOwiAQRe_C2pCCMxRcuu8ZyMCAVA0kpV0Z765NutDtf-_9l_C0rcVvPS1-ZnERSpx-t0DxkeoO-E711mRsdV3mIHdFHrTLqXF6Xg_376BQL98aUEXKg0U2QMBoeABMmbU1Y3CggAEDZ6OVQ7LRWT1ytueAQSsFkMX7A9nIN30:1tCo1K:4DLGRwjmMrSUAbsEr3Bp24ZOVrldBg3x3_n5duAjvuE", "expire_date": "2024-12-01T22:45:30.247Z"}}, {"model": "sessions.session", "pk": "hyucw10849hlqfaxt0nkjimvm4u6iuhk", "fields": {"session_data": ".eJxVjEEOwiAQRe_C2hAHGAsu3fcMZGBAqgaS0q6Md7dNutDte-__t_C0LsWvPc1-YnEVIE6_LFB8proLflC9NxlbXeYpyD2Rh-1ybJxet6P9OyjUy7a2YFBB0sSkg8OorbJ2wMwDM1iXKAMzJp2jIXK4wTMGhkvQRmEALT5f6Ts4Kg:1tHACo:Sk2omF4klhemxGqfHF6PxaA-Gc7i5EFFBGZMeY_gGyc", "expire_date": "2024-12-13T23:15:22.047Z"}}, {"model": "sessions.session", "pk": "ia7q7vxqa3cgb8nm2n3tpnq2r3q2lftk", "fields": {"session_data": ".eJxVjMEOwiAQRP-FsyGlCBSP3v0GsuwuUjWQlPZk_Hdp0oNeJpN5M_MWAbY1h63xEmYSF2HF6TeLgE8uO6AHlHuVWMu6zFHuFXnQJm-V-HU9un8HGVrua0S2wwiJ2HmDppsuTtHkcaAxeaU5AVmLETFpbThqb8hbd3YqqSmKzxcnsDk2:1tG28y:8PPd8hQBkeWelHge1YyQrLZU96iXBNyMDJQbjjU2qo4", "expire_date": "2024-12-10T20:26:44.631Z"}}, {"model": "sessions.session", "pk": "j7s3rig2utudkhvxp875iglxorni8wks", "fields": {"session_data": ".eJxVjEEOwiAQRe_C2hApOIBL956BzDCDrRpISrsy3l2bdKHb_977L5VwXca0dpnTxOqsvDr8boT5IXUDfMd6azq3uswT6U3RO-362liel939Oxixj99arHiiaGIJMAwD2wwmlGKDi1wQnABSPhIZF5GQRSwiEHpgyP4UnHp_AAVgOP8:1tGD9z:bPUWL0NMMV_HkWTdr_SghG_eI9ODffHlNB-k_-5KD18", "expire_date": "2024-12-11T08:12:31.800Z"}}, {"model": "sessions.session", "pk": "jpazhp6kf0jtqhtpn2842f9phddc79pi", "fields": {"session_data": ".eJxVjMsOwiAQRf-FtSEgj4BL934DmRkYqRpISrsy_rtt0oVuzzn3vkWCdalpHWVOUxYX4cXplyHQs7Rd5Ae0e5fU2zJPKPdEHnbIW8_ldT3av4MKo25rS0zeeoOOHUZfggoQstFg_caj0WyCMugDUwTGopjOnNEa0JZcKOLzBe3oOHA:1tG1z6:OoO7fw9u7210WkUpxqdoSNlyk4D61Gy4JhtWhK1Q2rQ", "expire_date": "2024-12-10T20:16:32.135Z"}}, {"model": "sessions.session", "pk": "jqzqxcnist15894dqny6sp62rs1rck8v", "fields": {"session_data": ".eJxVjEEOwiAQRe_C2hApOIBL956BzDCDrRpISrsy3l2bdKHb_977L5VwXca0dpnTxOqsvDr8boT5IXUDfMd6azq3uswT6U3RO-362liel939Oxixj99arHiiaGIJMAwD2wwmlGKDi1wQnABSPhIZF5GQRSwiEHpgyP4UnHp_AAVgOP8:1tGDA2:5nyC8QWrDmoieadLIP0W1M4Rn1KpSyNLIyVOXa1Sb3Q", "expire_date": "2024-12-11T08:12:34.646Z"}}, {"model": "sessions.session", "pk": "k7r5ituqw534dphbqol7286crbzh5sfr", "fields": {"session_data": ".eJxVjDkOwjAUBe_iGlleEi-U9JzB-ptJACVSnFSIu0OkFNC-mXkvVWBbh7I1WcrI6qyCOv1uCPSQaQd8h-k2a5qndRlR74o-aNPXmeV5Ody_gwHa8K2ruIyQODtBTi50Gb1FL2ig62MlTxBrDs50Yg0Rup4pEgdna7LirXp_AAdnOIo:1tG31q:aYIgmOKDjsq8yYObV2dl8JGqSyNY6EIY1aCSntPtjqI", "expire_date": "2024-12-10T21:23:26.790Z"}}, {"model": "sessions.session", "pk": "kkgj1n9at5b8cg5q1o525s2t5ikaq5yn", "fields": {"session_data": ".eJxVjEsOwjAMBe-SNYpi4sQpS_Y9Q-TYESmgVupnhbg7VOoCtm9m3stk3taWt6XOeVBzMWBOv1thedRxB3rn8TZZmcZ1HordFXvQxfaT1uf1cP8OGi_tWxNUQD4HgESKij5gYXBRPBQhCkgppS4JogRgrKxRfeycIwki2pn3B7ZDNxI:1tG4dV:5A92J5q0WOBOG-WLcdY7uYMSrt7avMUlYFVKemravoo", "expire_date": "2024-12-10T23:06:25.021Z"}}, {"model": "sessions.session", "pk": "kkwfprsir4fmpetu38k8j0sqgc2rxn7a", "fields": {"session_data": ".eJxVjEEOwiAQRe_C2pAyUDq4dO8ZCJ1hpGpKUtqV8e7apAvd_vfef6mYtrXEreUlTqzOyqjT7zYmeuR5B3xP861qqvO6TKPeFX3Qpq-V8_NyuH8HJbXyrUHQGAxmQPEBnXMICH7oiZOVkQN06E2SPlsmgtC5jri3EiB7L0Kg3h-3iDdf:1tCkPq:CSt2G5vU47eeuEpWBQbaLKQLXciHJERIGTeC_JrImFs", "expire_date": "2024-12-01T18:54:34.554Z"}}, {"model": "sessions.session", "pk": "ko5omh6gnew8in4aigqfv2wx6z3p44hj", "fields": {"session_data": ".eJxVjDsOwjAQBe_iGln-xD9K-pzB2l3bOIAcKU4qxN1JpBTQvpl5bxZhW2vcel7ilNiVWXb53RDomdsB0gPafeY0t3WZkB8KP2nn45zy63a6fwcVet1ribKg9jKRsZmCCclbCk65JEj4gCIrBKm0hUJWDzTsLjntDQhTpAT2-QLmlDec:1tG3qq:7KA7ucdtsQ0XdRBUB5EFSR0YdJEbEYmmDYv8WfUtU4I", "expire_date": "2024-12-10T22:16:08.657Z"}}, {"model": "sessions.session", "pk": "kvsgl1kogpfjzkcq5zn5fyfrocaxx7yv", "fields": {"session_data": ".eJxVjMsOwiAQRf-FtSE8R3Dpvt9AgBmkaiAp7cr479qkC93ec859sRC3tYZt0BJmZBcm2el3SzE_qO0A77HdOs-9rcuc-K7wgw4-daTn9XD_Dmoc9VsbpyVGUt5r4xBIiqITaZAOILvsBUoLOpJRRVABpc5GSKMt2IQ-WWLvD8aGNxc:1tEjH8:UkYcwfZDsg1jfBPPfaQE079iXMjXJ9WqWm9i3YwmXXQ", "expire_date": "2024-12-07T06:05:46.760Z"}}, {"model": "sessions.session", "pk": "kw3th1p1lxehmrclbfv0rkpuaq9yfxrp", "fields": {"session_data": ".eJxVjEEOwiAQRe_C2pBCgQGX7j0DGZhBqoYmpV0Z765NutDtf-_9l4i4rTVunZc4kTgLJU6_W8L84LYDumO7zTLPbV2mJHdFHrTL60z8vBzu30HFXr-1N674USUMWnuHTNYbyFCsUwORxQJjMQ5MAA4MQ0gE2oPNISflMhfx_gDSpDfS:1tGCqe:gMm6hGiNg9WUZ_QwYZpMztYhM3q2uNtzTfYUrVFDpa8", "expire_date": "2024-12-11T07:52:32.988Z"}}, {"model": "sessions.session", "pk": "l0axhxknyh6gx6h10aoqdemccfxu4viu", "fields": {"session_data": ".eJxVjEEOwiAQRe_C2pABLAWX7nsGAjODVA0kpV0Z765NutDtf-_9lwhxW0vYOi9hJnERSpx-txTxwXUHdI_11iS2ui5zkrsiD9rl1Iif18P9Oyixl2_NoDl6b5BYJ-PBZsujZWRzHgwgZVAEChxZ1KiyRoakEPQILg3ZafH-APT2OBc:1tGuUN:2AojtCloYVE-J21xR69me3MiL9EJ2FEJllc6s0cgP5s", "expire_date": "2024-12-13T06:28:27.978Z"}}, {"model": "sessions.session", "pk": "l0xk3ditm6l95b7y1ibba4l966yve9ua", "fields": {"session_data": ".eJxVjDsOwjAQBe_iGln-W6Gk5wzWrneNA8iW4qRC3B0ipYD2zcx7iQTbWtM2eEkzibPQ4vS7IeQHtx3QHdqty9zbuswod0UedMhrJ35eDvfvoMKo39rZgDTpoMljDKC0yyVGRxFiIJOZg1NMhsl6r5B0AcxQNJli7YTE4v0B65k44g:1tCn0t:Y7LIUgtwJ0ge5jVtLCQFLtzYNxVag9a0j-iqIxcll2c", "expire_date": "2024-12-01T21:40:59.698Z"}}, {"model": "sessions.session", "pk": "l1lmhyc3amllettyzqkmdpt3qix5qvjg", "fields": {"session_data": ".eJxVjE0OwiAYBe_C2hCw0FKX7nsGwvcnVQNJaVfGu2uTLnT7Zua9VEzbmuPWeIkzqYuy6vS7QcIHlx3QPZVb1VjLusygd0UftOmpEj-vh_t3kFPL39qnTgKwQY_AQr03ZEewFIYQzt6zZduzc07IoAnSIbvBiRvFsO0IQL0__uk4lA:1tHIl3:vnBLZLcMZE0AgCQ_RKUmuDfkwqmHkHC7PJIpefa2tJI", "expire_date": "2024-12-14T08:23:17.974Z"}}, {"model": "sessions.session", "pk": "l3zcvy2793xe9fnwgbm692bn7x4s17jp", "fields": {"session_data": ".eJxVjMsOwiAURP-FtSG8Hy7d9xsI3AtSNTQp7cr479KkC13OnDPzJiHuWw17z2uYkVwJJ5ffLkV45nYAfMR2XygsbVvnRA-FnrTTacH8up3u30GNvY41ONSOQzHcCMeV8AWz1Rq8kwyLZ5ZLwSBpm12USlmpRrbOGFTDZ5p8vr62NjE:1tGtdh:-xGTlwEOHqK552oW7h2O3wFvNmIbFgUF64V4hFwJL3Q", "expire_date": "2024-12-13T05:34:01.335Z"}}, {"model": "sessions.session", "pk": "l63bx2yz3exq2321r8tg8spci7qjifvb", "fields": {"session_data": ".eJxVjEEOwiAQRe_C2hCgwAwu3XsGMjAgVdMmpV0Z765NutDtf-_9l4i0rS1uvSxxZHEWXpx-t0T5UaYd8J2m2yzzPK3LmOSuyIN2eZ25PC-H-3fQqLdv7XyopA3qAWymoBRDNQkGNIhAnrkQqUCq6uywFGRnBuuADQSPYKt4fwDS0Tdg:1tGJHY:aRnPv_7bXxEGQfvQTIPzOoSKA8MT8VV4lDTAmRJQcso", "expire_date": "2024-12-11T14:44:44.213Z"}}, {"model": "sessions.session", "pk": "l7iks2k8z6ogotdhmlilkg3p16x7e6ne", "fields": {"session_data": ".eJxVjDsOwjAQBe_iGlnOxl9Kes5grXcNDiBbipMKcXcSKQW0b2beW0RclxLXnuc4sTiLQZx-t4T0zHUH_MB6b5JaXeYpyV2RB-3y2ji_Lof7d1Cwl60GZ2-GjAsJMmuicdA-WYAxILpAqDib0SdlNejs_aY4C94bbZmVUU58vtWLNyE:1tHIv4:_V1EDD4ut4DrqfsZlfzrR-2vu-4MCPtVx5sR7fjGGT8", "expire_date": "2024-12-14T08:33:38.818Z"}}, {"model": "sessions.session", "pk": "lcui7qgnfnblj1sdzi854v89m7k4wlla", "fields": {"session_data": ".eJxVjEEOwiAQRe_C2pAZoEBduvcMhDKDVA0kpV0Z765NutDtf-_9lwhxW0vYOi9hJnEWKE6_2xTTg-sO6B7rrcnU6rrMk9wVedAur434eTncv4MSe_nWMAIMZvDZMKIDclkpcsZiJGMy6AlAeTUymawzW-sTaoQBPWfrHJJ4fwCupjar:1tCn4t:tRjp2YZ66lKxHxBIPfOPrai3w4TVoxj4FmZV21HzNDs", "expire_date": "2024-12-01T21:45:07.195Z"}}, {"model": "sessions.session", "pk": "lm63kcu5lce0aemrv8dbx2z5f31qkyt5", "fields": {"session_data": ".eJxVjDsOwjAQBe_iGln-ZdehpOcMltdr4wBypDipEHeHSCmgfTPzXiLEba1h63kJE4uzAHH63SimR2474Htst1mmua3LRHJX5EG7vM6cn5fD_TuosddvTdFoTeA0YDHFJcjg3eDAgC55QOMdWquKL8iRrAbFPI6oSLFlQ1jE-wPGRTdK:1tGGQQ:KhuMO98ry6eUQY_jJswPYHD5wlrAG32bUywyUqyBu5U", "expire_date": "2024-12-11T11:41:42.868Z"}}, {"model": "sessions.session", "pk": "ls36qwl76lfgedr9alcwcsty5gcn3prc", "fields": {"session_data": ".eJxVjDsOAjEMBe-SGkWONjIxJT1niJw4JgsokfZTrbg7rLQFtG9m3mYir0uN61ymOIq5GGdOv1vi_CxtB_Lgdu8297ZMY7K7Yg8621uX8roe7t9B5bl-a0YkYFDyCUQHlJy8OmV0SoWwKGQG4hACQsEgFNxZXKLB-0zq2Lw_-bA4Rw:1tEjTa:DgyMKxkx6KaLQ4iz8YYWujkCDJaKYNC1UMTFGLNV_Ew", "expire_date": "2024-12-07T06:18:38.936Z"}}, {"model": "sessions.session", "pk": "m5tnqs9qr2lbe69jpfgvyo7cihpnm0ay", "fields": {"session_data": ".eJxVjDsOwjAQBe_iGln-e0NJzxmsXX9wANlSnFSIu0OkFNC-mXkvFnBba9hGXsKc2JlJdvrdCOMjtx2kO7Zb57G3dZmJ7wo_6ODXnvLzcrh_BxVH_damyASIMAlVSBthCiVrIRadSWQxQVHohHIOpLPoDDmtdTFgvMeYtWfvD-KsN3c:1tG4a0:qiRhAxfdl5uMtIBHntKU_9KB5JxJgVWeeEpXvilBCR8", "expire_date": "2024-12-10T23:02:48.444Z"}}, {"model": "sessions.session", "pk": "mcbp947z57lt00p1k2zd0gjg66266whs", "fields": {"session_data": ".eJxVjEEOwiAQRe_C2hAoMIBL9z1DMwMTqRpISrsy3t026UK3_73332LCbS3T1nmZ5iyuQovL70aYnlwPkB9Y702mVtdlJnko8qRdji3z63a6fwcFe9lrpX0YwEFMFMnmwYA11jAZUNEFTiEBkcVgSTnOKnjU0ZL2u64IIovPF7yTN0o:1tHJEb:gyP259rVhg-dfAuDBoO3Fbz7_NJtqzFptpS0ng-xBto", "expire_date": "2024-12-14T08:53:49.534Z"}}, {"model": "sessions.session", "pk": "mpj6usdhkzg2maudwv9qsjt4e681clvi", "fields": {"session_data": ".eJxVjEEOwiAQRe_C2hAGaKEu3fcMZBgGqRqalHZlvLtt0oVu_3vvv0XAbS1ha7yEKYmrAHH53SLSk-sB0gPrfZY013WZojwUedImxznx63a6fwcFW9lrB5os-0zg9ZDRIFhUfafI6Z6j99l0gADWeA1O8c7YJ6cMAw2QrBGfL8oMNv0:1tGFO1:mKBverObO2tUl-KYoqq4rke2Ueu3tNOC3Us1oYzWXSA", "expire_date": "2024-12-11T10:35:09.610Z"}}, {"model": "sessions.session", "pk": "mqd3u72bldgux6clpf5pz8hbt9nuowic", "fields": {"session_data": ".eJxVjEEOwiAQRe_C2hCQwoBL956BTGcGqZqSlHZlvLtp0oVu_3vvv1XGba1567LkidVFWXX63Uakp8w74AfO96apzesyjXpX9EG7vjWW1_Vw_w4q9rrXxvgEwQBGRwXJgecwOGawEIbRJE9WMPgYzomkQIIohQYk46w4LurzBdEnN-Q:1tH6Qc:qA4AUmQEdoy_mN6v38KpIOQ4XoTutvtn7Atv8MjkDcM", "expire_date": "2024-12-13T19:13:22.956Z"}}, {"model": "sessions.session", "pk": "n2tck63rf9z17hyeqn3x5ijxow7bwe3p", "fields": {"session_data": ".eJxVjDEOwjAMRe-SGUVuwEnNyN4zVK5taAElUtNOiLtDpQ6w_vfef7me12Xs12pzP6k7u8YdfreB5WF5A3rnfCteSl7mafCb4ndafVfUnpfd_TsYuY7fGqMEEQUDiiHZNVJUUkQBtcRtkmAnTg21QETYEINEHECOEDBIC-79AeLDN08:1tEiWa:IL_nZPI20e1GEMsbayzmmVkvVPqRlj76i4Yd-glMopQ", "expire_date": "2024-12-07T05:17:40.076Z"}}, {"model": "sessions.session", "pk": "nidlcyjbaygu2le8u3hr1ltl1xgl2juq", "fields": {"session_data": ".eJxVjDEOwjAMRe-SGUVyWieUkZ0zRI7tkAJKpaadKu4OlTrA-t97fzOR1qXEtekcRzEXA-b0uyXip9YdyIPqfbI81WUek90Ve9Bmb5Po63q4fweFWvnWCbw6EBySS-TRI_RCwQ-Q1Qmd-0DMnWAmYICEDhnUhY41UPbsxbw_7JY4fw:1tCnmi:HqNd8mwz5-dbkAPWwg6mYBO8Ve19o2JBcxdoFmADKMQ", "expire_date": "2024-12-01T22:30:24.746Z"}}, {"model": "sessions.session", "pk": "nkh4ei37ehg4dj65tjq7uy86cy647plw", "fields": {"session_data": ".eJxVjDsOwjAQBe_iGllZf9YRJT1nsHbtDQ4gW4qTCnF3iJQC2jcz76UibWuJW5clzlmdFarT78aUHlJ3kO9Ub02nVtdlZr0r-qBdX1uW5-Vw_w4K9fKtIRsrFIxxCcmy9UNwAcBN4tAIEAJYcIQy8giUYfDohZxnxjRBSur9AcRMN3w:1tGGZ0:PMnf0MmRUAfhxmNZv8uTs4_7rrBQmCKKljZ5tmShDkQ", "expire_date": "2024-12-11T11:50:34.363Z"}}, {"model": "sessions.session", "pk": "nqb0jckepqu3r3rs8ggd0xiwguttj4fw", "fields": {"session_data": ".eJxVjMsOwiAURP-FtSG8Hy7d9xvIBS5SNZCUdmX8d9ukC11NMufMvEmAba1hG7iEOZMr4eTy20VIT2wHyA9o905Tb-syR3oo9KSDTj3j63a6fwcVRt3XWojskvJSIzDli7MZNS_gs3VC8IJCWGYcM8aqsidnUXpAaaOM1stCPl_FEzb3:1tGFY2:JePHWAMfM-IcZE1N1gRQMRNRYW0BSmPrTYtkainRNuI", "expire_date": "2024-12-11T10:45:30.014Z"}}, {"model": "sessions.session", "pk": "nr7fzaak1ti4nn9orw51gxw3jzr7h2s0", "fields": {"session_data": ".eJxVjMsOwiAQRf-FtSE8C-PSvd9AYAakaiAp7cr479qkC93ec859sRC3tYZt5CXMxM5MstPvliI-ctsB3WO7dY69rcuc-K7wgw5-7ZSfl8P9O6hx1G8NsghhslXKI0xIPikHRQnQVlAxpqDwDqWcLDmwFhCcipSVlSWSNpq9P8JHNyI:1tEifx:i1EtaCkmSGt1PLAGg1iN1Eg03uL5KJAeluIePaERAos", "expire_date": "2024-12-07T05:27:21.887Z"}}, {"model": "sessions.session", "pk": "o0jt28sbks5pfc1mvciz1cm4td5l0s1v", "fields": {"session_data": ".eJxVjL0OwyAQg9-FuUJcwm_H7nkGdAekpK1ACslU9d1LpAztYMnyZ_vNPO5b9ntLq18iuzJgl9-MMDxTOUB8YLlXHmrZ1oX4UeEnbXyqMb1uZ_fvIGPLfU2DlCBkAhVAoJ2FIgVqJDFGMhoH4xRaERzprtkZa0YZAiKA7MZo9vkCw5c3LQ:1tCmuw:nTFE8GZPnMNW6w6UgfJ2tnBkmSxoastvfEPK5ZNXolk", "expire_date": "2024-12-01T21:34:50.792Z"}}, {"model": "sessions.session", "pk": "o10en7hqnux2mws93y32bllvtapahszu", "fields": {"session_data": ".eJxVjEEOwiAQRe_C2hCg0wFcuvcMZAqMVA0kpV0Z765NutDtf-_9lwi0rSVsPS9hTuIsUJx-t4niI9cdpDvVW5Ox1XWZJ7kr8qBdXlvKz8vh_h0U6uVbGzd4m5iZVGJPikgDkBtgJDCa0VhkzTZhtmoAj5zRkItA7MeIUYv3B-7COBI:1tGCCR:ajfrk3elBI1XSwDkDM3IuAfDk0XsUS2ksxg0SRhqAWw", "expire_date": "2024-12-11T07:10:59.776Z"}}, {"model": "sessions.session", "pk": "o1j548g95u3kbcefjvp16606vqbklhfw", "fields": {"session_data": ".eJxVjEsOwiAUAO_C2hC-feDSvWcgD3hI1dCktCvj3ZWkC93OTObFAu5bDXunNcyZndnETr8sYnpQGyLfsd0Wnpa2rXPkI-GH7fy6ZHpejvZvULHXsc1TkTYaqwmjyM4DFMjWoSFJBkBZp4zQSlrtJQlA-iIPMqqiE7jC3h_O6Tb6:1tGubI:gklEnQmDVElmv893DCd2SboqFRPQJEfglt0nSmFroQ0", "expire_date": "2024-12-13T06:35:36.163Z"}}, {"model": "sessions.session", "pk": "o86z74hvj81g4wdj9drsq30vkx9k6mbm", "fields": {"session_data": ".eJxVjEsOAiEQBe_C2hAYoAWX7ucMpKFpGTWQzGdlvLtOMgvdvqp6LxFxW2vcljLHicRFaHH63RLmR2k7oDu2W5e5t3WektwVedBFjp3K83q4fwcVl_qtzyZoa1Ig70DlVJCT8jA4QAiDBWQOhBYJgBHJUUnODJbZqKx94SDeH-nTOJ0:1tDVds:FalLsjZH0eTUOUlM91r1iLerhIM-sr7rs02DcJQTBko", "expire_date": "2024-12-03T21:20:12.361Z"}}, {"model": "sessions.session", "pk": "oavw56y9lqjqejvlap12fzkl1zczviip", "fields": {"session_data": ".eJxVjEsOAiEQBe_C2hAaGphx6d4zkAYaGTWQzGdlvLtOMgvdvqp6LxFoW2vYFp7DlMVZOHH63SKlB7cd5Du1W5ept3WeotwVedBFXnvm5-Vw_w4qLfVbG8zGWmMB1OgdR-VQlwKAyvNQovY6DYwmE5CBlHAsoEkxojNutFaL9we1wDam:1tGHJw:_V5ijKt0MhYJA07OT6XwYXZgY412cz79JDJcAxsuLqg", "expire_date": "2024-12-11T12:39:04.530Z"}}, {"model": "sessions.session", "pk": "ob02u0v3nxv5f9ydpvcfny35f6jh4ub6", "fields": {"session_data": ".eJxVjMsOwiAQRf-FtSG0DC-X7v0GAjMgVQNJaVfGf1eSLnR7zzn3xXzYt-L3nla_EDuziZ1-txjwkeoAdA_11ji2uq1L5EPhB-382ig9L4f7d1BCL98aNSGJ5Jyy0TgNYEHPCqMFlyEaKeQsES3pnERGDUIaRJURpzBEYu8P3h835A:1tG3o0:8YUpxoylXqDdd6rum1vuFgDgzjFi2FyWUtdaTVtbfeg", "expire_date": "2024-12-10T22:13:12.002Z"}}, {"model": "sessions.session", "pk": "oihy95wa3elc33y6tfqj888qxljbw6y1", "fields": {"session_data": ".eJxVjEEOwiAQRe_C2hBoSwGX7j0DGWYGqRpISrsy3l1JutDtf--_lwiwbznsjdewkDiLWZx-twj44NIB3aHcqsRatnWJsivyoE1eK_Hzcrh_gQwt9ywBMqFT3wsn69hok9hOnkxyMaIfIQ3aeusHSppnnpweCQyj8qCAxPsDKd85ZQ:1tGCxn:liK6paessyt0-j81k3spJZVRfHmiLqJHcZWRhzMaYeU", "expire_date": "2024-12-11T07:59:55.025Z"}}, {"model": "sessions.session", "pk": "oljaci9000gpxjxvzmw63i3rzkylsfcq", "fields": {"session_data": ".eJxVjDsOwjAQBe_iGll28JeSPmewdtdrHECOFCcV4u4QKQW0b2beSyTY1pq2zkuasrgILU6_GwI9uO0g36HdZklzW5cJ5a7Ig3Y5zpmf18P9O6jQ67e2TF6DstGShWDPkUpxBZxHCqaQcYYZ2EelccCCg2HjddQW2QWHTon3B_h9OEE:1tH6x3:VEYGDdgy6bxO2CLRdUA_0A2CjwndS4N99ouFisY-oxo", "expire_date": "2024-12-13T19:46:53.055Z"}}, {"model": "sessions.session", "pk": "ops793ci57cww6dviedn08ud02nthipc", "fields": {"session_data": ".eJxVjMEOwiAQRP-FsyFdKAgevfsNZIFdqRpISnsy_rtt0oPeJvPezFsEXJcS1k5zmLK4CBCn3y5ielLdQX5gvTeZWl3mKcpdkQft8tYyva6H-3dQsJdtzTo7RXZw2Vr2KrFOKrrRACm2mnBLHoGBCc7OkR5TUuzAe7LRmEGJzxfmtDe2:1tFy2f:eJ-20JoxkkbvgzCUW-3pS7KCYT8zPIvGVzC9-_fVDe8", "expire_date": "2024-12-10T16:03:57.063Z"}}, {"model": "sessions.session", "pk": "oqaf6z91m1q72ykdtuc53wazubp6kjkj", "fields": {"session_data": ".eJxVjEEOwiAQRe_C2hBoSwGX7j0DGWYGqRpISrsy3l1JutDtf--_lwiwbznsjdewkDiLWZx-twj44NIB3aHcqsRatnWJsivyoE1eK_Hzcrh_gQwt9ywBMqFT3wsn69hok9hOnkxyMaIfIQ3aeusHSppnnpweCQyj8qCAxPsDKd85ZQ:1tGCxn:liK6paessyt0-j81k3spJZVRfHmiLqJHcZWRhzMaYeU", "expire_date": "2024-12-11T07:59:55.200Z"}}, {"model": "sessions.session", "pk": "oqpd96likcnvq3adi5nlk17mpr0ny7mf", "fields": {"session_data": ".eJxVzMEOwiAQBNB_4WwIu9ICHr37DWSBrVQNJKU9Gf9dmvSg13kz8xaetjX7rfHi5yQuAsTpNwsUn1x2SA8q9ypjLesyB7lX5KFN3mri1_Xo_h1karmv2Q1aE7szKj0RsQIYrA3aOLAmUTIKIU7ElqEzdMCII46ajbVoUHy-2vs3cA:1tGFlD:0tZ7EuXmlDrqcfjUsOTGowDStS3-qKc_cShGO3C9bxc", "expire_date": "2024-12-11T10:59:07.696Z"}}, {"model": "sessions.session", "pk": "orvm1yg7ca4x63zkx3fo126jspt3kxdt", "fields": {"session_data": ".eJxVjEEOgjAQRe_StWkopZ2OS_ecgcwwo0VNSSisjHdXEha6_e-9_zIDbWsetqrLMIk5m2hOvxvT-NCyA7lTuc12nMu6TGx3xR602n4WfV4O9-8gU83fuvUgqIzggyiI88lxgAaEO_LoKUZNwQm6QFfiplNgCK1D1BR9wmjeH9dRNzc:1tG50u:_av0Oht7Lm52sOlB2P_mYDNVapPBy8-TPbEj74CcUAg", "expire_date": "2024-12-10T23:30:36.982Z"}}, {"model": "sessions.session", "pk": "p2fvh72rsyqokpva48igreigpirs258h", "fields": {"session_data": ".eJxVjEEOwiAQRe_C2hAKU6Au3XsGAjODVA0kpV0Z765NutDtf-_9lwhxW0vYOi9hJnEWgzj9binig-sO6B7rrUlsdV3mJHdFHrTLayN-Xg7376DEXr61GXnKHkE7NAhkyCZCHkHhwA6so5QAtIkZwLJCh8yclaNJW-cTevH-APr2OKA:1tG4Pz:nM2WWh-Pnpbyu-a0QL-QbjudwOGwujwDuKJFhVd3En8", "expire_date": "2024-12-10T22:52:27.202Z"}}, {"model": "sessions.session", "pk": "p4zvd016kyv9yuofifd7mc15kmar0cwx", "fields": {"session_data": ".eJxVjEEOwiAQRe_C2hCgUygu3XsGMgyDVA0kpV0Z765NutDtf-_9lwi4rSVsnZcwJ3EWWpx-t4j04LqDdMd6a5JaXZc5yl2RB-3y2hI_L4f7d1Cwl29NpDxonWlSxiOZMQ8jWBchOdBxYhejY3J2IIfZoh0UQ84JgQ2DJxLvD-chOJU:1tCltG:b0kO8FTZWGvW0G6yX4RN6ya6374Lh3FtodAmrPSPiQg", "expire_date": "2024-12-01T20:29:02.281Z"}}, {"model": "sessions.session", "pk": "pa200xba3w7rmxtvj82cdop0scmfs0c4", "fields": {"session_data": ".eJxVjEEOwiAQRe_C2hAGmJa6dO8ZyDCAVA0kpV0Z765NutDtf-_9l_C0rcVvPS1-juIsQJx-t0D8SHUH8U711iS3ui5zkLsiD9rltcX0vBzu30GhXr61DQoRQU00RCYcLTEahZA1OMzjwMnGABotuKx5ysZk58DowKg4Eov3B8cnN44:1tGG8D:TyzcxBGmTS8aICBADJiRe_aewtA8nRaGx-oBQdw_yxk", "expire_date": "2024-12-11T11:22:53.227Z"}}, {"model": "sessions.session", "pk": "phrwmni2bp5kuk3yo8wsfypfhwf29ytc", "fields": {"session_data": ".eJxVjDsOwjAQBe_iGllLcGKbkp4zWPsDB5AtxUmFuDuJlALaNzPvbRIuc05L0ymNYs7maA6_GyE_tWxAHlju1XIt8zSS3RS702avVfR12d2_g4wtr_XtBKRIos47Lx1xFInkUVg49jq4jpQQgguRYQBg6hXQQQirCpHN5wskLzkZ:1tCnIz:QPGWIy6NVzvONqPbhBmPbrYWhtiaL6odDKcU_rNx25Y", "expire_date": "2024-12-01T21:59:41.238Z"}}, {"model": "sessions.session", "pk": "ptnc23n06d0tyckd5p8fywrbv2uqf0x7", "fields": {"session_data": ".eJxVjEsOAiEQBe_C2hAaGphx6d4zkAYaGTWQzGdlvLtOMgvdvqp6LxFoW2vYFp7DlMVZOHH63SKlB7cd5Du1W5ept3WeotwVedBFXnvm5-Vw_w4qLfVbG8zGWmMB1OgdR-VQlwKAyvNQovY6DYwmE5CBlHAsoEkxojNutFaL9we1wDam:1tGHJw:_V5ijKt0MhYJA07OT6XwYXZgY412cz79JDJcAxsuLqg", "expire_date": "2024-12-11T12:39:04.200Z"}}, {"model": "sessions.session", "pk": "px8oe09sylb2fwognkzivm4k4uzb9ib7", "fields": {"session_data": ".eJxVjEEOwiAQRe_C2hCmDFBcuu8ZmhmgUjWQlHZlvLsh6UK3_73332KmY8_z0dI2r1FcBYjL78YUnql0EB9U7lWGWvZtZdkVedImpxrT63a6fweZWu71CE6zRkCj0DsFBnwMhMzBj1YRgyPnrCGrDaeFBh7Y86KRwRtEEp8vwBM3YQ:1tCkOe:1TUmwXfDQGGiRsywMwAOx51nNBZhqymcPXbMKmT204g", "expire_date": "2024-12-01T18:53:20.553Z"}}, {"model": "sessions.session", "pk": "q2wliqaepbtrnadfq80d84ngc5unxdn2", "fields": {"session_data": ".eJxVjMsOwiAQRf-FtSHl0VJcuvcbyDAzSNVAUtqV8d-VpAvd3dxzcl4iwL7lsDdew0LiLJQ4_X4R8MGlA7pDuVWJtWzrEmVX5EGbvFbi5-Vw_wIZWu7ZyEAKyNjvSGgM4mBGi449j0TOo092UKyt4zg7a6YZICbrVZyMRi3eHxiIOLg:1tG4lE:L1e3QQJPa4yZwt_SJ8F-_RQQ-dWfji52Dk0ZJ4okzvI", "expire_date": "2024-12-10T23:14:24.935Z"}}, {"model": "sessions.session", "pk": "qwrri8vx93z4xo2xdgds415cdtajdyrq", "fields": {"session_data": ".eJxVjDEOwyAQBP9CHSFjwNylTO83oOOA4CQykrGrKH-PLblImi12ZvctPG1r8VtLi5-iuAolLr9dIH6m-QDxQfO9Sq7zukxBHoo8aZNjjel1O92_g0Kt7OugBkO9Ru4j4Z6IXQ8KAK1miwDOgFE6ZmbMhlI2xnYWyYFzA7ND8fkCu8M26A:1tHLba:HJedrxilKE8Gq3LRG1Kbv2ptAIfjqwopxiEsioFlgZQ", "expire_date": "2024-12-14T11:25:42.431Z"}}, {"model": "sessions.session", "pk": "qytvz6j00zywm1avjs35qp3b5f2zeq7d", "fields": {"session_data": "e30:1tHLef:pnPxgdohrJdUrdPPtKgTG7Lo_z_h9rbLUm70iq2NHS4", "expire_date": "2024-12-14T11:28:53.352Z"}}, {"model": "sessions.session", "pk": "r1uwp6im96xayesjz6qvdek06py25fxy", "fields": {"session_data": ".eJxVjDsOwjAQBe_iGlmJf_FS0nMGa727wQHkSHFSIe4OkVJA-2bmvVTCbS1pa7KkidVZ9er0u2Wkh9Qd8B3rbdY013WZst4VfdCmrzPL83K4fwcFW_nWnbEhMqOzBNnEKM54A4JiRhoYBm-jBQiul1HIWk8dZDIZwAEjYVDvD9fRN-0:1tG4hb:-oAbpk28A24hghQBfqgGQPrBWz1_NYqp7PDQrKIjpjc", "expire_date": "2024-12-10T23:10:39.254Z"}}, {"model": "sessions.session", "pk": "r5779qfhhmavg9b077nc5l2s1464ue0e", "fields": {"session_data": ".eJxVjEEOwiAQRe_C2hAKUxhcuvcMhCmDVA0kpV0Z765NutDtf-_9lwhxW0vYOi9hTuIsrDj9bhSnB9cdpHustyanVtdlJrkr8qBdXlvi5-Vw_w5K7OVbG2JSqBUo0KiNV6gMWG8MZdKM3o8WOUWHKmcHrAHMAA79SBk4D168P6zWNp8:1tGGmy:i3aEqkbm2eDhaNSACSu5pX_zPbP4RrahkLCNKy4xhHY", "expire_date": "2024-12-11T12:05:00.447Z"}}, {"model": "sessions.session", "pk": "r9106j56iqvnww7ky3qy75qrv461vyx1", "fields": {"session_data": ".eJxVjEEOwiAQRe_C2hCgUMCle89AZoapVA0kpV0Z765NutDtf-_9l0iwrSVtnZc0Z3EWVpx-NwR6cN1BvkO9NUmtrsuMclfkQbu8tszPy-H-HRTo5Vv7qJxGrdGi8pgt6jCwUSbCxCMz6UEZ5ZwDAg5xsjD6wRD7SMTRmiDeH9dFN8k:1tCkhc:dZxKQU_dHB_L62MGJ042PHBOVwfyZoE-T0vwRIWcIuw", "expire_date": "2024-12-01T19:12:56.047Z"}}, {"model": "sessions.session", "pk": "rh0qwbjj3bym95deqefyt6z1z90yjtpl", "fields": {"session_data": ".eJxVjDsOwjAQBe_iGllxvPhDSc8ZrF3vggPIluKkQtwdIqWA9s3Me6mE61LS2mVOE6uTAnX43QjzQ-oG-I711nRudZkn0puid9r1pbE8z7v7d1Cwl29tGIWQLA5gDYc4oqCVLGysIw-DB3ON7Dg79CMLZKTA5PxRCFzwUb0_E8Y47Q:1tCnhU:37EBncKwmVXLdrO4T3zhPbaf1FvDjrKh8uz3GumDiq8", "expire_date": "2024-12-01T22:25:00.592Z"}}, {"model": "sessions.session", "pk": "ri3mdf5lo8yuw6bfbhiwcpj1qwr6f42a", "fields": {"session_data": ".eJxVjMsOwiAQRf-FtSEgr8Gl-34DGZhRqoYmpV0Z_92QdKHbe865b5Fw32raO69pJnERVpx-t4zlyW0AemC7L7IsbVvnLIciD9rltBC_rof7d1Cx11GzMgzOg8_aQiED3gcL4AOCZaUJCYNyZw7aGlJBRzblZk10KuQYQXy-xqs21A:1tDVcL:0rWBaAQdrX7vl6y8tA-mziby0ZR4Y321hygpTUHaQCg", "expire_date": "2024-12-03T21:18:37.004Z"}}, {"model": "sessions.session", "pk": "rm8051e41617zxh9ns3x07iflr0r8g32", "fields": {"session_data": ".eJxVjDsOgzAQBe_iOrL8WQykTM8ZrPXuEpNERsJQRbl7QKJI2jcz760ibmuOW5UlTqyuKqjL75aQnlIOwA8s91nTXNZlSvpQ9EmrHmaW1-10_w4y1rzXDXvElknEGe966iAg9t6A9RRGwq4By60LIxsKAN44Ab87BglCsqI-X-kvN7g:1tGQ19:dnnDeSYWIoH1TsqcJxjefgkjJaYFR3mahjDMgOrAL4o", "expire_date": "2024-12-11T21:56:15.597Z"}}, {"model": "sessions.session", "pk": "rnleork67sdnsbcujwhj10hs5l74zemt", "fields": {"session_data": ".eJxVjDsOwyAQRO9CHSGLj4GU6XMGtMsuwUkEkrErK3ePLblIutG8N7OJCOtS4tp5jhOJq3Di8tshpBfXA9AT6qPJ1OoyTygPRZ60y3sjft9O9--gQC_7OtjEFMaAxu4xJww-aJ8HRE5DzkqTszaA8iO4hJaQQTkCxcYTGm3E5wsH9Tjj:1tGuQK:0IIVwZg-8ix6u3ycAOHGatyBbni0Rm-aFmhGGsZHrFo", "expire_date": "2024-12-13T06:24:16.414Z"}}, {"model": "sessions.session", "pk": "rou5jn8woi0or97f1xlv6xr4riwut9s2", "fields": {"session_data": ".eJxVjEEOwiAQRe_C2pAyFAGX7nsGMjCDVA0kpV0Z765NutDtf-_9lwi4rSVsnZcwk7gIJU6_W8T04LoDumO9NZlaXZc5yl2RB-1yasTP6-H-HRTs5VtHymdw7B0rAqtREQEpb-IIbrQpGQCdkxoNRYvgtaYBB6OsZdbZYxLvD-inN_w:1tG4rC:pcL1dZqjHgL25nyWUEg0vCAa8A1O54tWA4gGuCXzzzQ", "expire_date": "2024-12-10T23:20:34.428Z"}}, {"model": "sessions.session", "pk": "rwo2l61s3zot17qnvg34zftwlsp6k3fk", "fields": {"session_data": ".eJxVjMsOwiAURP-FtSG8Hy7d9xvIBS5SNZCUdmX8d9ukC11NMufMvEmAba1hG7iEOZMr4eTy20VIT2wHyA9o905Tb-syR3oo9KSDTj3j63a6fwcVRt3XWojskvJSIzDli7MZNS_gs3VC8IJCWGYcM8aqsidnUXpAaaOM1stCPl_FEzb3:1tGFaB:xvAE2pgdSFFC7cmjMsB37VW_YgUDCN0PG12esV_wuUw", "expire_date": "2024-12-11T10:47:43.670Z"}}, {"model": "sessions.session", "pk": "sf776ns7sa4yhuc8byiv0aex9zyici99", "fields": {"session_data": ".eJxVjEEOwiAQRe_C2hBgCohL9z0DGZhBqoYmpV0Z765NutDtf-_9l4i4rTVunZc4kbgILU6_W8L84LYDumO7zTLPbV2mJHdFHrTLcSZ-Xg_376Bir9_agLXFOABtbQ4acyoEyG4IxmetMRi0gZ3yJg8FChMo5QtpOiM4VkW8P862N8Y:1tCmg7:2OMoZQrXAMLxMfQAkmeJBiBcg4AR1Mzb5xZXyMCgIEY", "expire_date": "2024-12-01T21:19:31.004Z"}}, {"model": "sessions.session", "pk": "sgddadfvx35sd2pz5kxovfeeuv2wlc6w", "fields": {"session_data": ".eJxVjMsOwiAQRf-FtSEdHlPq0r3fQBgYpGogKe3K-O_apAvd3nPOfQkftrX4rfPi5yTOAsTpd6MQH1x3kO6h3pqMra7LTHJX5EG7vLbEz8vh_h2U0Mu31iM4xdYhGaMTJtImKwBFMfNkOXAErXNGN2nAiIyEjkab3WDDoADF-wPWpDd5:1tEj05:YGT7LO-su0YUerpL_xWB_x9G8-HDP3rX1UcJyI0BC3Y", "expire_date": "2024-12-07T05:48:09.976Z"}}, {"model": "sessions.session", "pk": "siiam0e74slrmj6e5pbdbda6wejqwp25", "fields": {"session_data": ".eJxVjEEOwiAQRe_C2hA6DFBcuu8ZyDDT2qopSWlXxrsbki50-997_60SHfucjjpuaRF1VV5dfrdM_BzXBuRB671oLuu-LVk3RZ-06qHI-Lqd7t_BTHVutUgwGQ120KMPTsBAL-ynyEDkOUIAnKLFLpg4QSBrLAs5dA4tZ1CfL8unNwo:1tGRBi:Pzcm1YkxYE4YyQfEN5xSiIn7hIRv9HXUyDRLFEKXEGk", "expire_date": "2024-12-11T23:11:14.939Z"}}, {"model": "sessions.session", "pk": "szdntlgtwf6b7ibrclwt0hjnt57ou9zx", "fields": {"session_data": ".eJxVjEEOwiAQRe_C2hCg0wFcuvcMZAqMVA0kpV0Z765NutDtf-_9lwi0rSVsPS9hTuIsUJx-t4niI9cdpDvVW5Ox1XWZJ7kr8qBdXlvKz8vh_h0U6uVbGzd4m5iZVGJPikgDkBtgJDCa0VhkzTZhtmoAj5zRkItA7MeIUYv3B-7COBI:1tGCCO:ZDWnAMg7NepwsAGDZAUs8Cr9KFdaurf5G1iMn03D0gQ", "expire_date": "2024-12-11T07:10:56.109Z"}}, {"model": "sessions.session", "pk": "tbyy5bvqmmah0x0ey5y26vljbchedlez", "fields": {"session_data": ".eJxVjDsOwjAQBe_iGlnJrteJKek5g7X-4QCypTipEHcHSymgfTPzXsLyvmW7t7jaJYizGMXpd3PsH7F0EO5cblX6WrZ1cbIr8qBNXmuIz8vh_h1kbvlbA8EMXk0wa0AfkiKH5DThZBiI2AwwdEAKQoyYzKjRY6KYKIBmI94fsoY3FA:1tGG1r:ZgxOl1FPXXvpDOelT81RlNB7_LvL1nbeBi3WymqU3yc", "expire_date": "2024-12-11T11:16:19.503Z"}}, {"model": "sessions.session", "pk": "tsdij2onzldiee54x69m5j8lm4ppav55", "fields": {"session_data": ".eJxVjMsOwiAQRf-FtSGAnQFcuvcbyAwPqRqalHZl_HfbpAvd3nPOfYtA61LD2vMcxiQuAsXpd2OKz9x2kB7U7pOMU1vmkeWuyIN2eZtSfl0P9--gUq9bTcoYD9qZoSABIliOtnhygJrBDOjxTJo8eyjMTrOG6FXORVuntkh8vr4TNyI:1tFyfi:vMFvTMkYbiUU_YkmJHmfhtpFcvhpjGptEQ5__0sych8", "expire_date": "2024-12-10T16:44:18.717Z"}}, {"model": "sessions.session", "pk": "tw86n2wxv6h68obpg3lt3zwrhk671sx5", "fields": {"session_data": ".eJxVjMsOwiAQRf-FtSFUGB4u3fcbCDMMUjU0Ke3K-O_apAvd3nPOfYmYtrXGrfMSpywuYhCn3w0TPbjtIN9Tu82S5rYuE8pdkQftcpwzP6-H-3dQU6_fWoEDLkjsLSJBNgZNgOzBYUia7IBAeLaq5GIsgg5M5Kkk7dgW0kq8PwXZOP0:1tGCo6:uezevpj1MIWlwTaGNQxOeMG1woYpfZTW2NxM6P4jw68", "expire_date": "2024-12-11T07:49:54.436Z"}}, {"model": "sessions.session", "pk": "u0nr8hit0hyz1k0cyaj37s8q2qowqjo3", "fields": {"session_data": ".eJxVjMsOwiAQRf-FtSE8BMGl-34DGZhBqgaS0q6M_25JutDtOefeNwuwrSVsnZYwI7syyU6_LEJ6Uh0CH1DvjadW12WOfCT8sJ1PDel1O9q_gwK9jHUmLYWNwiKRiTpnZ52MiD6hV0jGnUWyUil98XuYwOSYRfZ2p0aDZZ8v_v44MQ:1tG4na:nXvVgVqQyb-diGOX-SJMeddCt2bApL67h63OYcUG5hc", "expire_date": "2024-12-10T23:16:50.660Z"}}, {"model": "sessions.session", "pk": "uapaohqgco16h4xta0oa8rm05xdkxe9n", "fields": {"session_data": ".eJxVjEEOwiAQRe_C2hBoKQwu3XsGMjMMUjVtUtqV8e7apAvd_vfef6mE21rT1mRJY1ZnZdXpdyPkh0w7yHecbrPmeVqXkfSu6IM2fZ2zPC-H-3dQsdVvzdnn6NCEGNCLK8QCcSAn2XWMrheLBthTjwEAYShkSyGI1pkeOwb1_gAHDzia:1tHJOm:ula6ujz_zaMSwyYSodN_IA4kIPTKVn4-IrPXh3mACDU", "expire_date": "2024-12-14T09:04:20.681Z"}}, {"model": "sessions.session", "pk": "ukvwo9622ebq6xw1axkjeejw6hx4lkic", "fields": {"session_data": ".eJxVjMsOwiAQRf-FtSE8hkdduvcbyMCAVA0kpV0Z_12bdKHbe865LxZwW2vYRl7CTOzMLDv9bhHTI7cd0B3brfPU27rMke8KP-jg1075eTncv4OKo35rAcUSagXkiiFCF7XUQKQAQRcooggF3qgknbJKGklZkHXkJi-FnyJ7fwDgCjc6:1tGCu8:eBG9vFxBhb5xKqffhRJmUx5ndEQ2uy5xISlgzF8Wi-4", "expire_date": "2024-12-11T07:56:08.933Z"}}, {"model": "sessions.session", "pk": "ul7b22470jhg28hisd3eej20ouqdw8by", "fields": {"session_data": ".eJxVjEEOwiAQRe_C2hCgAwWX7j0DmRlAqoYmpV0Z765NutDtf-_9l4i4rTVuPS9xSuIsnDj9boT8yG0H6Y7tNkue27pMJHdFHrTL65zy83K4fwcVe_3WAcEbKmxD0r6Q9WW0LrEeNcGQgSwSgNJK2QJMqJwhzoDAA_tQrBHvD-_IOCk:1tGCEe:UL6OBk9ZruKj0_3p4e8sMWRDn2rt2MMJbQIcQTCiULI", "expire_date": "2024-12-11T07:13:16.751Z"}}, {"model": "sessions.session", "pk": "upitzhut8hf5f9iojugl29kir69sqfqk", "fields": {"session_data": ".eJxVjEEOwiAQRe_C2hCmDFBcuu8ZmhmgUjWQlHZlvLsh6UK3_73332KmY8_z0dI2r1FcBYjL78YUnql0EB9U7lWGWvZtZdkVedImpxrT63a6fweZWu71CE6zRkCj0DsFBnwMhMzBj1YRgyPnrCGrDaeFBh7Y86KRwRtEEp8vwBM3YQ:1tCkOg:zxhT026ewJ-VYYYDM9BROhu99cIk1MUddp7M0XXFCc0", "expire_date": "2024-12-01T18:53:22.395Z"}}, {"model": "sessions.session", "pk": "v5lv7aujq4ioiwlfl8axqlkqflxkfb81", "fields": {"session_data": ".eJxVjMsOwiAQRf-FtSEdHi24dO83kGEGpGogKe3K-O_apAvd3nPOfYmA21rC1tMSZhZnAeL0u0WkR6o74DvWW5PU6rrMUe6KPGiX18bpeTncv4OCvXzraULjVXbsR9BoHI3aqpg8ElhFAFYzO5u1s2Q8wUApq5TBOR4GsKMW7w_O7jdH:1tCn3S:P4tOcGDRRWZF2rUi3JC4qlFmeOwmBUpyY96W2Haxvuo", "expire_date": "2024-12-01T21:43:38.096Z"}}, {"model": "sessions.session", "pk": "vehfv8v2e6bf4x85srxvpg5239nnxfnh", "fields": {"session_data": ".eJxVjDsOwjAQBe_iGllex96sKek5g7X-4QBypDipEHeHSCmgfTPzXsLztla_9bz4KYmzAHH63QLHR247SHdut1nGua3LFOSuyIN2eZ1Tfl4O9--gcq_fWg0ZdTSgAupMViUiBVScoQJoGJyFOCKoUoKB0UEgnXQEWzAxqgHF-wOySTar:1tGF83:Xm0sazyLlk8hZUL5WQmhGJ5jTbnrHd0XE1mIGJ3hJls", "expire_date": "2024-12-11T10:18:39.709Z"}}, {"model": "sessions.session", "pk": "vfb8lp9v2nr0qwn8y7p5qzozhr2pmd6k", "fields": {"session_data": ".eJxVjEEOwiAQRe_C2hAKU6Au3XsGAjODVA0kpV0Z765NutDtf-_9lwhxW0vYOi9hJnEWgzj9binig-sO6B7rrUlsdV3mJHdFHrTLayN-Xg7376DEXr61GXnKHkE7NAhkyCZCHkHhwA6so5QAtIkZwLJCh8yclaNJW-cTevH-APr2OKA:1tG4Py:IdOPAILoWv6fBS9DPNJyLPXnc6IDX3fHRv9VkaKO-Z0", "expire_date": "2024-12-10T22:52:26.095Z"}}, {"model": "sessions.session", "pk": "vitz04k0n6y4o7lp2uh2yyvwayp6yl16", "fields": {"session_data": ".eJxVjEEOwiAQRe_C2hCgwwRcuvcMZGAGqZo2Ke3KeHdt0oVu_3vvv1SibW1p67KkkdVZWXX63TKVh0w74DtNt1mXeVqXMetd0Qft-jqzPC-H-3fQqLdvTehDkGoMZRZEx1TqgACRHPoazSAVByvsncVAEI2N6JmgADjgyur9AempN9U:1tG4gL:pwejAQq0vxBupSTeO2GJtNzVX_Jsi-UwpCchjKuT4LA", "expire_date": "2024-12-10T23:09:21.904Z"}}, {"model": "sessions.session", "pk": "vqkj8m6wp4xl4ntuu8n290fsybtk0u7r", "fields": {"session_data": ".eJxVjEEOwiAQRe_C2hCgFKhL956BzDCDVA0kpV0Z765NutDtf-_9l4iwrSVunZc4kzgLJ06_G0J6cN0B3aHemkytrsuMclfkQbu8NuLn5XD_Dgr08q21t55ystZqxDGoYN2UtXOacVAmBPAYAlliHoCUUZkdgsGsaBg1TyDeH9SbN_8:1tGCrR:2bicCg37Q7f7mg2v5w8H2z1I_TjJcmowB2bimJVA0oc", "expire_date": "2024-12-11T07:53:21.205Z"}}, {"model": "sessions.session", "pk": "vrcc17bg93aomv4mk3kruxdkuaxmtvv6", "fields": {"session_data": ".eJxVjMsOwiAQRf-FtSFTyqO4dO83kBlgpGogKe3K-O_apAvd3nPOfYmA21rC1vMS5iTOYhCn340wPnLdQbpjvTUZW12XmeSuyIN2eW0pPy-H-3dQsJdvndlptlErj6g4gTPokJwDPzFYtMw6kvGgtB1NhgSghqjdyH7KROTF-wPvqTgH:1tH7ot:-9P2EnCTlVZDTIakyez1SKR2Q6Qh3TU4X1AhPN33aMs", "expire_date": "2024-12-13T20:42:31.650Z"}}, {"model": "sessions.session", "pk": "vznqqlhlpq2ftf6a2e118i7c4y8t7avi", "fields": {"session_data": ".eJxVjEEOwiAQRe_C2pCBUkZduu8ZyDBDpWogKe3KeHfbpAvdvvf-f6tA65LD2tIcJlFXher0yyLxM5VdyIPKvWquZZmnqPdEH7bpoUp63Y727yBTy9uaobuQZUQEOrMXIBid6XraYALbWwcAJJGdT2zc6CMaFOMpYueJnPp8Ad7VN9I:1tGGmU:FGGwFisT3tWf-Wi7OLiQ5NoT85Q9HvkwNhth99tXaMo", "expire_date": "2024-12-11T12:04:30.614Z"}}, {"model": "sessions.session", "pk": "wddomi8qv8y9x94xofupwtmiyuhrfom0", "fields": {"session_data": ".eJxVjMsOwiAQRf-FtSHlEQZcuvcbyMwAUjWQlHZl_Hdt0oVu7znnvkTEba1xG3mJcxJnocTpdyPkR247SHdsty65t3WZSe6KPOiQ157y83K4fwcVR_3WQAECcQqu2Mw0oZkYbPJAoHym5EBppcBkjc6zLQ60LsUYIIW-OCveH--1N-I:1tG3I1:Huf-zf_0RB71gAhihlUbgIvZXzZUCkHOUmgBE_3BEEs", "expire_date": "2024-12-10T21:40:09.051Z"}}, {"model": "sessions.session", "pk": "wiwy5t9kg2vnor42ftxgl8e01f9sq48c", "fields": {"session_data": ".eJxVjDsOwyAQRO9CHSE-CZ-U6X0GtLBLcBKBZOwq8t1tSy6SbjTvzXxZgGUuYek0hRHZnRl2-e0ipDfVA-AL6rPx1Oo8jZEfCj9p50ND-jxO9--gQC_7Oqt4Ew6dlsYkcQVplQMiLcBZ77VNpPZMQoLO6D16awhyVKgVZZkkWzfXtDgA:1tGJyI:YUMLLpNFBae7r8EAm5Qqn5WgW3zR3SrnSLpj7Zbp8Ao", "expire_date": "2024-12-11T15:28:54.995Z"}}, {"model": "sessions.session", "pk": "wjbskm7py5dm6gpdyj7rr1zj4k6n4hie", "fields": {"session_data": ".eJxVjE0OwiAYBe_C2hChFopL9z0D-f6QqoGktCvj3W2TLnQ7M--9VYR1yXFtMseJ1VUZdfplCPSUsgt-QLlXTbUs84R6T_Rhmx4ry-t2tH8HGVre1oEMeLIk2DGF1DOHNFzQUYc9-27Y-Bld4OAcGTE2QUpIxooFl8Cj-nwBG1E5hg:1tGtaA:-Rlc3AdbjA5PDOkenmLX14cU3qWNiuYOUVCy6AhbQt8", "expire_date": "2024-12-13T05:30:22.528Z"}}, {"model": "sessions.session", "pk": "wpqng8ki1ugd52cdh0wpzux4k6uq4p94", "fields": {"session_data": ".eJxVjDsOwjAQBe_iGlkbx19Kes5g7XptHECOFCcV4u4QKQW0b2beS0Tc1hq3npc4sTgLK06_G2F65LYDvmO7zTLNbV0mkrsiD9rldeb8vBzu30HFXr-1S5ALJFZkQigeSKGCYhmKHlSwgDqRQ-NH8miy1ujBGdBpdI55yCDeH-z1N8Q:1tGRK2:-dj0GuSBuhi53Xn3lnxzYFNdJd2zL5Lf_S0Go1zwoa0", "expire_date": "2024-12-11T23:19:50.898Z"}}, {"model": "sessions.session", "pk": "wrf0b9eu4i2z5zdz6i2te4udth4exxz4", "fields": {"session_data": ".eJxVjDsOwjAQBe_iGllZ_MOU9Jwh8q53cQDZUpxUiLtDpBTQvpl5LzWmdSnj2nkep6zOCtThd8NED64byPdUb01Tq8s8od4UvdOury3z87K7fwcl9fKtxVk-DpwNS5Lo2QxgBDwKIGEkykQ2xpND7w1E6wyYgAECIgWQQOr9AQSDOGc:1tG1bf:bCcEO1K43-p_wdlfwnJRHAuwRRkmXK-9Eq6jOMWp3N0", "expire_date": "2024-12-10T19:52:19.548Z"}}, {"model": "sessions.session", "pk": "xegwm9cjh10ysunvybdkr5xpbhzvw818", "fields": {"session_data": ".eJxVjEEOwiAQRe_C2pAOIBSX7j0DGWaoVA0kpV2Z3r1t0oVu_3vvf0XAZc5haWkKI4ubAHH53SLSO5UD8AvLs0qqZZ7GKA9FnrTJR-X0uZ_u30HGlvfa2DgYbb1RlLy34J2N6BC6a2cceKVB9QAacSDdsyZGSqgsu91mcEqsG7v8N0M:1tEj2X:KbxKcso6rc0-IBpwmLqUKVIBZMUAlNsyIW4tn9qZKGA", "expire_date": "2024-12-07T05:50:41.134Z"}}, {"model": "sessions.session", "pk": "xfpn7r4vs9tnzwi7sjz06uw2ipj3rruc", "fields": {"session_data": ".eJxVjEEOwiAQRe_C2hAoMIBL9z1DMwMTqRpISrsy3t026UK3_73332LCbS3T1nmZ5iyuQovL70aYnlwPkB9Y702mVtdlJnko8qRdji3z63a6fwcFe9lrpX0YwEFMFMnmwYA11jAZUNEFTiEBkcVgSTnOKnjU0ZL2u64IIovPF7yTN0o:1tHJ1o:_Bo_iglXcZZXF-RRAc2UnoJ_kTFTak0gNzkkycxJzsA", "expire_date": "2024-12-14T08:40:36.541Z"}}, {"model": "sessions.session", "pk": "xjcdnr7f98tlngk6dy36kpjsng8zy9sw", "fields": {"session_data": ".eJxVjDsOwyAQRO9CHSE-CZ-U6X0GtLBLcBKBZOwq8t1tSy6SbjTvzXxZgGUuYek0hRHZnRl2-e0ipDfVA-AL6rPx1Oo8jZEfCj9p50ND-jxO9--gQC_7Oqt4Ew6dlsYkcQVplQMiLcBZ77VNpPZMQoLO6D16awhyVKgVZZkkWzfXtDgA:1tGJeW:CDbxnkeN3MmfaKKODrjvp0YeFJW6lxkqosQ8Zu3RAGs", "expire_date": "2024-12-11T15:08:28.920Z"}}, {"model": "sessions.session", "pk": "xku79vnunrr9c1jdc56neohyhpulibz2", "fields": {"session_data": ".eJxVjEEOwiAQRe_C2hCmlMG6dO8ZyMAMUjU0Ke3KeHfbpAvd_vfef6tA61LC2mQOI6uLQnX63SKlp9Qd8IPqfdJpqss8Rr0r-qBN3yaW1_Vw_w4KtbLVRAYkAmJ2A5KxwL21vWAX0RnoIJkMPkMc_NkZg14Sb47lJN5SElafL8yPN7Y:1tH7sT:aW88uIUGkc1X0ejrZivNZ5DGz8LhkKQIjp4ovkEKQEU", "expire_date": "2024-12-13T20:46:13.904Z"}}, {"model": "sessions.session", "pk": "xngzdfwiuleeboxpsxqrz38x2dr9i3rh", "fields": {"session_data": ".eJxVjEEOgjAQRe_StWnKtGWKS_ecoZlOB4saSCisjHcXEha6_e-9_1aRtrXErcoSx6yuqlWX3y0RP2U6QH7QdJ81z9O6jEkfij5p1f2c5XU73b-DQrXs9QDBNoDoBMCy89SwsUgDk0FIwIFtB9KxNz7vFLvWuRZ8thiEUZL6fAHF_DdF:1tGQXo:zUdV167-G0Aqkap2pU4XUVauzIrDwmnL7MoRLtGMnCs", "expire_date": "2024-12-11T22:30:00.147Z"}}, {"model": "sessions.session", "pk": "xqpq3cjb5w1li6bp8y16guecca3iw3xe", "fields": {"session_data": ".eJxVjDsOwyAQRO9CHSHDml_K9D4DWhYITiIsGbuKcvcYyUVSjTTvzbyZx30rfm9p9XNkVybY5bcLSM9UO4gPrPeF01K3dQ68K_ykjU9LTK_b6f4dFGylr7WxxgHlkWQ0kHVwCUlLOMJGpUQmlVCJYdTicAFBKgtWQSSXMg7s8wXo0jfl:1tCkXf:udKFSBQL2R92YYuGmK2JfCkJFkjUI9QeBPrkBtZ6JRQ", "expire_date": "2024-12-01T19:02:39.043Z"}}, {"model": "sessions.session", "pk": "xsbevj99vyen4q0m2jkkl0spuynr72xz", "fields": {"session_data": ".eJxVjDEOwjAMRe-SGUVyWieUkZ0zRI7tkAJKpaadKu4OlTrA-t97fzOR1qXEtekcRzEXA-b0uyXip9YdyIPqfbI81WUek90Ve9Bmb5Po63q4fweFWvnWCbw6EBySS-TRI_RCwQ-Q1Qmd-0DMnWAmYICEDhnUhY41UPbsxbw_7JY4fw:1tCnmi:HqNd8mwz5-dbkAPWwg6mYBO8Ve19o2JBcxdoFmADKMQ", "expire_date": "2024-12-01T22:30:24.298Z"}}, {"model": "sessions.session", "pk": "y3h8uexf8s26ngwt5zfjzo6lk8os8bdq", "fields": {"session_data": ".eJxVjDsOwjAQBe_iGln-xD9K-pzB2l3bOIAcKU4qxN1JpBTQvpl5bxZhW2vcel7ilNiVWXb53RDomdsB0gPafeY0t3WZkB8KP2nn45zy63a6fwcVet1ribKg9jKRsZmCCclbCk65JEj4gCIrBKm0hUJWDzTsLjntDQhTpAT2-QLmlDec:1tG3qo:JccMaSrChUFjWkv_YIXCWiao-z0r8XufeTzU-KhfSDw", "expire_date": "2024-12-10T22:16:06.586Z"}}, {"model": "sessions.session", "pk": "y6s6bo7ywq51pxbn4nwp100mnu0a48yg", "fields": {"session_data": ".eJxVjEEOwiAQRe_C2hA6MAVcuvcMZGCoVA0kpV0Z765NutDtf-_9lwi0rSVsPS9hZnEWozj9bpHSI9cd8J3qrcnU6rrMUe6KPGiX18b5eTncv4NCvXxrgskrMtaAGbTXyVpth-SsnbRWSOwNoUdIHB1QNNExISAqQPaOzSjeH7z0Nuw:1tGCvG:W4oV2aj-i-iJ6MUDS2A_S5IR5Ei6gocMo2sdBYbSFy4", "expire_date": "2024-12-11T07:57:18.579Z"}}, {"model": "sessions.session", "pk": "yogcwn4u1g7l8d4chf7jn02oqmgh8alh", "fields": {"session_data": ".eJxVjM0OwiAQhN-FsyEgP4JH730GsuwuUjU0Ke3J-O62SQ96nPm-mbdIsC41rZ3nNJK4Ci1Ov10GfHLbAT2g3SeJU1vmMctdkQftcpiIX7fD_Tuo0Ou2ZnBZG-dzVOCijhfUUVEuDi0hW88US_EQt2hK8MWcOWtrmTAogyqIzxf6lTic:1tCkh1:aQOw3_E24I_uz_1lphMe2ESnVLLp5y_iFb66hbToTfM", "expire_date": "2024-12-01T19:12:19.243Z"}}, {"model": "sessions.session", "pk": "yyv89xzwag870s9dzii3onzwxblu6q11", "fields": {"session_data": ".eJxVjEEOwiAURO_C2hCgQMGl-56BfPh8qRpISrsy3t026UIzu3lv5s0CbGsJW89LmJFd2cguv12E9Mz1APiAem88tbouc-SHwk_a-dQwv26n-3dQoJd9Td5IpIG8UAJJJbCgjdFpIHJC2THLrB1aj3ukdGSiM6DBCjtkLbVlny_p3jeJ:1tH6pJ:iS8De27tmvzu0dxR6owzO9_xjGwqLlX82GAD8ljHWCI", "expire_date": "2024-12-13T19:38:53.847Z"}}, {"model": "sessions.session", "pk": "zb0tj2rnqe2ou7ztitr28za7ysf5m3zt", "fields": {"session_data": ".eJxVjMsOwiAQRf-FtSFCOzxcuu83kJkBpGogKe3K-O_apAvd3nPOfYmA21rC1tMS5iguYhSn342QH6nuIN6x3prkVtdlJrkr8qBdTi2m5_Vw_w4K9vKtQbNmVuyRDZ8J0jjoHBkGk8g7pUbtHUfUlgmsBYXeEPioKOlsnc_i_QH2ATg-:1tCkGK:vOpuambVRItGwwtnpFU7Ma_qsQGzrwz6DTCJ7XlanBI", "expire_date": "2024-12-01T18:44:44.953Z"}}, {"model": "sessions.session", "pk": "zieyj9sg9z7sd5tr6f0dou4jhixzvesr", "fields": {"session_data": ".eJxVjDsOwjAQBe_iGll2gn-U9DmDtevdxQGUSHFSIe4OkVJA-2bmvVSGba15a7zkkdRFeXX63RDKg6cd0B2m26zLPK3LiHpX9EGbHmbi5_Vw_w4qtPqtrZgSGVySzqcIZ-p6EeHigkEEi50PtnBKJrJJIYggEaHzvXhvo3Xq_QEEQzh8:1tGQc0:DUT6HqDJ0-nQI3UH9qO6-fSYR2plRX0ZeZsVzgt0JbE", "expire_date": "2024-12-11T22:34:20.331Z"}}, {"model": "sessions.session", "pk": "zk31p37uyhrdwza67hp2y37twnev310h", "fields": {"session_data": ".eJxVjDsOwjAQBe_iGlmON_5R0nOGaL27xgGUSHFSIe4OkVJA-2bmvdSA21qHrckyjKzOyqvT75aRHjLtgO843WZN87QuY9a7og_a9HVmeV4O9--gYqvfOgm4hJGCy2AcZXIlRiNM3FtPfWegk8gcsHAQiwAQ0ZcYbBEoJhX1_gD1Mjh2:1tG2GE:gxBfts2LQJXIdPF7Ed682JpKh_kuHxWG-AeJbejdogY", "expire_date": "2024-12-10T20:34:14.529Z"}}, {"model": "sessions.session", "pk": "zmsiisilvmcwve9vqi9osxv6a26llv45", "fields": {"session_data": "e30:1tCkNn:aEFvlM6F1PJTcMX7UtBVu4PNFG4SispOXGGDyXM4Z5c", "expire_date": "2024-12-01T18:52:27.291Z"}}, {"model": "sessions.session", "pk": "znduie6wuyeswvin782oird95ihguyn4", "fields": {"session_data": ".eJxVjDsOwjAQBe_iGlnJ4i8lPWewdu01DiBbipMKcXcSKQW0M_PeWwRclxLWznOYkriIUZx-GWF8ct1FemC9NxlbXeaJ5J7Iw3Z5a4lf16P9OyjYy7ZmPTClbFN2BoFsImCy3p0ZyGgHnPNgIG5Aj9l7Y2NUbCxmUGg9KPH5AgsrOFY:1tEsDh:75sdqP6IJ9_LgrTJJDTEtmf2e0tH8MKXITBWGY_aARM", "expire_date": "2024-12-07T15:38:49.733Z"}}, {"model": "sessions.session", "pk": "zo6soxq1io2zga7a13z78kmn8v18r3bq", "fields": {"session_data": ".eJxVjMEOwiAQRP-FsyGAwC4evfcbyG5BqRpISnsy_rtt0oOeJpn3Zt4i0rqUuPY8xymJi_Di9Nsxjc9cd5AeVO9Njq0u88RyV-RBuxxayq_r4f4dFOplWyNDCJ7RabxppZC1UaD1lu5sVHIOiYAsW589-EQqg0XDGYGCS2DF5wuvozbA:1tG2ZV:XMTJ-rbrrG7q4GDUivhAuEe1WHdjnrMC09YJxkmI4dc", "expire_date": "2024-12-10T20:54:09.964Z"}}, {"model": "sessions.session", "pk": "zvtia8va08obzhsvcufy8mnrrftnnm0o", "fields": {"session_data": ".eJxVjEEOwiAQRe_C2pAyUDq4dO8ZCJ1hpGpKUtqV8e7apAvd_vfef6mYtrXEreUlTqzOyqjT7zYmeuR5B3xP861qqvO6TKPeFX3Qpq-V8_NyuH8HJbXyrUHQGAxmQPEBnXMICH7oiZOVkQN06E2SPlsmgtC5jri3EiB7L0Kg3h-3iDdf:1tCkPr:dKiMJgQKlLUg79bu8N938NIqtf8MF7f3lOSo0YRL8OI", "expire_date": "2024-12-01T18:54:35.215Z"}}, {"model": "sessions.session", "pk": "zzkwsbnwe06ufzadgz7pcu263w9lbaum", "fields": {"session_data": ".eJxVjMEOwiAQRP-FsyFCWQSP3vsNhGUXqRqalPZk_Hdp0oPeZubNzFuEuK0lbI2XMJG4CiVOvxnG9OS6A3rEep9lmuu6TCj3ijxok-NM_Lod3b-DElvpa83WUWJNGUxyEb32mKxlbwiB82VwgHkwGbtQiQnO7LuxETSA0kZ8vgx8OHY:1tG1Nv:JdvL-6WzTLAcm_jHoprl_Xi0j4I53pK2NeHz1IVAaRs", "expire_date": "2024-12-10T19:38:07.713Z"}}, {"model": "clients.profile", "pk": 2, "fields": {"client": 1, "address": "Bonaberi", "phone": "6532722232", "balance": "100100.00", "plan": 1, "profit": "10.00", "successful_checkouts": 0, "super_bonus_mode": false}}, {"model": "clients.profile", "pk": 3, "fields": {"client": 4, "address": "Akwa", "phone": "6532722232", "balance": "2000.00", "plan": null, "profit": "0.00", "successful_checkouts": 0, "super_bonus_mode": true}}, {"model": "clients.profile", "pk": 4, "fields": {"client": 3, "address": "Bonaberi", "phone": "6532722232", "balance": "5000.00", "plan": 1, "profit": "0.00", "successful_checkouts": 0, "super_bonus_mode": false}}, {"model": "clients.profile", "pk": 6, "fields": {"client": 6, "address": "Deido Douala", "phone": "6765457800", "balance": "5625.00", "plan": 5, "profit": "10.00", "successful_checkouts": 3, "super_bonus_mode": false}}, {"model": "clients.profile", "pk": 7, "fields": {"client": 7, "address": null, "phone": null, "balance": "210.00", "plan": 1, "profit": "10.00", "successful_checkouts": 0, "super_bonus_mode": false}}, {"model": "clients.profile", "pk": 8, "fields": {"client": 8, "address": "Yde", "phone": "6532722232", "balance": "1100.00", "plan": 4, "profit": "106.00", "successful_checkouts": 2, "super_bonus_mode": false}}, {"model": "clients.profile", "pk": 9, "fields": {"client": 9, "address": null, "phone": null, "balance": "0.00", "plan": null, "profit": "0.00", "successful_checkouts": 0, "super_bonus_mode": false}}, {"model": "clients.profile", "pk": 12, "fields": {"client": 12, "address": null, "phone": null, "balance": "0.00", "plan": null, "profit": "10.00", "successful_checkouts": 0, "super_bonus_mode": false}}, {"model": "clients.profile", "pk": 13, "fields": {"client": 14, "address": null, "phone": null, "balance": "5000.00", "plan": 4, "profit": "1068.50", "successful_checkouts": 33, "super_bonus_mode": false}}, {"model": "manage_plans.plan", "pk": 1, "fields": {"name": "VIP 1", "price": "100.00", "profit": "0.80", "description": "VIP 1 - Starters Plan\r\n\r\n$100 - $499", "number_of_clicks": 35, "daily_clicks": 35}}, {"model": "manage_plans.plan", "pk": 4, "fields": {"name": "VIP 2", "price": "500.00", "profit": "1.00", "description": "VIP 2 Plan - Semi Pro Starters\r\n\r\n$500 - $1999", "number_of_clicks": 40, "daily_clicks": 40}}, {"model": "manage_plans.plan", "pk": 5, "fields": {"name": "VIP 3", "price": "2000.00", "profit": "1.50", "description": "VIP 3 - Premium Starters Plan\r\n\r\n$2000 - $4999", "number_of_clicks": 45, "daily_clicks": 45}}, {"model": "manage_plans.plan", "pk": 6, "fields": {"name": "VIP 4", "price": "5000.00", "profit": "2.50", "description": "VIP 4 PLAN - Premium Worker Plan", "number_of_clicks": 55, "daily_clicks": 0}}, {"model": "manage_products.product", "pk": 2, "fields": {"name": "Television", "image": "products/images.jfif", "price": "25.00", "profit": "20.50", "description": "LG TVs offer stunning picture quality and smart features. Experience vibrant colors, deep blacks, and crisp details on a range of screen sizes, from sleek OLEDs to affordable LED models. Enjoy your favorite shows, movies, and games with advanced technology like AI ThinQ and webOS.", "is_super_bonus": false, "plans": [6, 5]}}, {"model": "manage_products.product", "pk": 3, "fields": {"name": "Fan", "image": "products/LOGO_PHARMA4_page-0001_Z5iD6Nz.jpg", "price": "4000.00", "profit": "400.00", "description": "Fan", "is_super_bonus": true, "plans": []}}, {"model": "manage_products.product", "pk": 4, "fields": {"name": "Power Bank", "image": "products/powerbank.jfif", "price": "10000.00", "profit": "16.00", "description": "A power bank is a portable charger that provides power to electronic devices like smartphones and tablets. It's a convenient solution for charging on the go, especially when there's no access to a wall outlet.", "is_super_bonus": false, "plans": [6]}}, {"model": "manage_products.product", "pk": 5, "fields": {"name": "Headset", "image": "products/pro-headset.png", "price": "800.00", "profit": "30.00", "description": "A power bank is a portable charger that provides power to electronic devices like smartphones and tablets. It's a convenient solution for charging on the go, especially when there's no access to a wall outlet.", "is_super_bonus": false, "plans": [4, 5, 6]}}, {"model": "manage_products.product", "pk": 6, "fields": {"name": "Airpods 3", "image": "products/airpods-3-purple.jpg", "price": "30.00", "profit": "15.50", "description": "The AirPods (3rd generation) deliver immersive sound with Spatial Audio and Adaptive EQ. Their comfortable design and long battery life make them perfect for listening to music, taking calls, and enjoying your favorite content on the go.", "is_super_bonus": false, "plans": [1, 4, 5, 6]}}, {"model": "manage_products.product", "pk": 7, "fields": {"name": "Logitech Mouse", "image": "products/02350b523a3e5a3a939b827827ea5814.jpg", "price": "100.00", "profit": "10.30", "description": "Logitech wireless mice offer comfort, precision, and convenience. With a range of options, from basic to advanced, you can find the perfect mouse to suit your needs. Enjoy wireless freedom, ergonomic design, and reliable connectivity for seamless computing.", "is_super_bonus": false, "plans": [1, 4, 5, 6]}}, {"model": "manage_products.product", "pk": 8, "fields": {"name": "Demo Product", "image": "products/879674_mhD1HemPt-dmIlP8Uz4XIcJNY7PRcUUF9gDr9gwOqdQ.jpg", "price": "50.00", "profit": "2.00", "description": "Demo Product", "is_super_bonus": false, "plans": [1, 4, 5, 6]}}, {"model": "recharge_account.deposit", "pk": 1, "fields": {"user": 6, "amount": "200.00", "crypto_wallet": "USDT - TRC20", "proof_of_payment": "proof_of_payment/image_1.png", "status": "Approved", "created_at": "2024-11-26T19:12:29.832Z", "updated_at": "2024-11-26T19:44:20.947Z"}}, {"model": "recharge_account.deposit", "pk": 2, "fields": {"user": 6, "amount": "500.00", "crypto_wallet": "USDT - TRC20", "proof_of_payment": "proof_of_payment/image.png", "status": "Rejected", "created_at": "2024-11-26T19:51:00.943Z", "updated_at": "2024-11-26T19:52:23.969Z"}}, {"model": "recharge_account.deposit", "pk": 3, "fields": {"user": 6, "amount": "100.00", "crypto_wallet": "USDT - TRC20", "proof_of_payment": "proof_of_payment/image_1_7YOMKbA.png", "status": "Rejected", "created_at": "2024-11-26T20:16:47.470Z", "updated_at": "2024-11-26T20:30:27.432Z"}}, {"model": "recharge_account.deposit", "pk": 4, "fields": {"user": 6, "amount": "100.00", "crypto_wallet": "USDT - TRC20", "proof_of_payment": "proof_of_payment/image_1_6AA9IIA.png", "status": "Rejected", "created_at": "2024-11-26T20:17:47.043Z", "updated_at": "2024-11-26T20:30:58.071Z"}}, {"model": "recharge_account.deposit", "pk": 5, "fields": {"user": 6, "amount": "100.00", "crypto_wallet": "Etherium - ERC-20", "proof_of_payment": "proof_of_payment/image_1_dx5kqXK.png", "status": "Approved", "created_at": "2024-11-26T20:20:15.718Z", "updated_at": "2024-11-26T20:31:06.165Z"}}, {"model": "recharge_account.deposit", "pk": 6, "fields": {"user": 6, "amount": "200.00", "crypto_wallet": "Etherium - ERC-20", "proof_of_payment": "proof_of_payment/image_1_IRwdUnO.png", "status": "Pending", "created_at": "2024-11-26T20:28:43.342Z", "updated_at": "2024-11-26T20:28:43.342Z"}}, {"model": "recharge_account.deposit", "pk": 7, "fields": {"user": 6, "amount": "50.00", "crypto_wallet": "USDT - TRC20", "proof_of_payment": "proof_of_payment/image_1_lf6Uq8Y.png", "status": "Rejected", "created_at": "2024-11-27T07:11:22.778Z", "updated_at": "2024-11-27T07:50:21.149Z"}}, {"model": "recharge_account.deposit", "pk": 8, "fields": {"user": 6, "amount": "50.00", "crypto_wallet": "USDT - TRC20", "proof_of_payment": "proof_of_payment/image_1_9HAfwmB.png", "status": "Approved", "created_at": "2024-11-27T07:13:32.816Z", "updated_at": "2024-11-27T07:50:02.189Z"}}, {"model": "recharge_account.deposit", "pk": 9, "fields": {"user": 6, "amount": "10.00", "crypto_wallet": "Etherium - ERC-20", "proof_of_payment": "proof_of_payment/image_1_MZuas8d.png", "status": "Approved", "created_at": "2024-11-27T07:15:15.349Z", "updated_at": "2024-11-27T07:45:19.287Z"}}, {"model": "recharge_account.deposit", "pk": 10, "fields": {"user": 6, "amount": "10.00", "crypto_wallet": "USDT - TRC20", "proof_of_payment": "proof_of_payment/image_1_Z6Wtsjz.png", "status": "Rejected", "created_at": "2024-11-27T07:25:15.040Z", "updated_at": "2024-11-27T07:44:22.768Z"}}, {"model": "recharge_account.deposit", "pk": 11, "fields": {"user": 6, "amount": "15.00", "crypto_wallet": "USDT - TRC20", "proof_of_payment": "proof_of_payment/image_1_KaBcE6k.png", "status": "Approved", "created_at": "2024-11-27T07:30:57.339Z", "updated_at": "2024-11-27T07:42:39.642Z"}}, {"model": "recharge_account.deposit", "pk": 12, "fields": {"user": 6, "amount": "30.00", "crypto_wallet": "USDT - TRC20", "proof_of_payment": "proof_of_payment/image_1_oA0Ig8Q.png", "status": "Pending", "created_at": "2024-11-27T10:46:22.965Z", "updated_at": "2024-11-27T10:46:22.965Z"}}, {"model": "recharge_account.deposit", "pk": 13, "fields": {"user": 6, "amount": "100.00", "crypto_wallet": "Etherium - ERC-20", "proof_of_payment": "proof_of_payment/image_1_fLVJfcn.png", "status": "Pending", "created_at": "2024-11-27T10:46:48.013Z", "updated_at": "2024-11-27T10:46:48.013Z"}}, {"model": "recharge_account.deposit", "pk": 14, "fields": {"user": 6, "amount": "5000.00", "crypto_wallet": "USDT - TRC20", "proof_of_payment": "proof_of_payment/image_1_TqpONza.png", "status": "Approved", "created_at": "2024-11-27T22:01:43.954Z", "updated_at": "2024-11-27T22:02:08.027Z"}}, {"model": "recharge_account.deposit", "pk": 15, "fields": {"user": 6, "amount": "250.00", "crypto_wallet": "USDT - TRC20", "proof_of_payment": "proof_of_payment/image_1_leCRp66.png", "status": "Approved", "created_at": "2024-11-28T11:58:21.109Z", "updated_at": "2024-11-28T11:59:14.842Z"}}, {"model": "recharge_account.deposit", "pk": 16, "fields": {"user": 8, "amount": "1000.00", "crypto_wallet": "USDT - TRC20", "proof_of_payment": "proof_of_payment/image_1_JMy1XH0.png", "status": "Approved", "created_at": "2024-11-29T04:12:52.131Z", "updated_at": "2024-11-29T04:13:54.497Z"}}, {"model": "recharge_account.deposit", "pk": 17, "fields": {"user": 7, "amount": "30.00", "crypto_wallet": "Admin Top-Up", "proof_of_payment": "", "status": "Approved", "created_at": "2024-11-29T18:17:30.366Z", "updated_at": "2024-11-29T18:18:31.914Z"}}, {"model": "recharge_account.deposit", "pk": 18, "fields": {"user": 7, "amount": "100.00", "crypto_wallet": "USDT - TRC20", "proof_of_payment": "proof_of_payment/image_1_nZXsiTs.png", "status": "Approved", "created_at": "2024-11-29T19:25:00.154Z", "updated_at": "2024-11-29T19:25:24.514Z"}}, {"model": "recharge_account.deposit", "pk": 19, "fields": {"user": 7, "amount": "70.00", "crypto_wallet": "Admin Top-Up", "proof_of_payment": "", "status": "Approved", "created_at": "2024-11-29T20:03:43.320Z", "updated_at": "2024-11-29T20:04:48.516Z"}}, {"model": "recharge_account.deposit", "pk": 20, "fields": {"user": 14, "amount": "500.00", "crypto_wallet": "USDT - TRC20", "proof_of_payment": "proof_of_payment/WhatsApp_Image_2024-11-29_at_8.17.50_AM.jpeg", "status": "Approved", "created_at": "2024-11-29T20:41:58.272Z", "updated_at": "2024-11-29T20:42:54.064Z"}}, {"model": "recharge_account.deposit", "pk": 21, "fields": {"user": 14, "amount": "100.00", "crypto_wallet": "USDT - TRC20", "proof_of_payment": "proof_of_payment/WhatsApp_Image_2024-11-29_at_8.17.50_AM_M3QnxHH.jpeg", "status": "Approved", "created_at": "2024-11-29T20:50:01.195Z", "updated_at": "2024-11-29T20:52:14.376Z"}}, {"model": "recharge_account.deposit", "pk": 22, "fields": {"user": 14, "amount": "200.00", "crypto_wallet": "Admin Top-Up", "proof_of_payment": "", "status": "Rejected", "created_at": "2024-11-29T20:56:48.902Z", "updated_at": "2024-11-29T20:57:11.461Z"}}, {"model": "recharge_account.deposit", "pk": 23, "fields": {"user": 14, "amount": "200.00", "crypto_wallet": "Admin Top-Up", "proof_of_payment": "", "status": "Approved", "created_at": "2024-11-29T20:56:58.229Z", "updated_at": "2024-11-29T20:57:16.506Z"}}, {"model": "recharge_account.deposit", "pk": 24, "fields": {"user": 7, "amount": "20.00", "crypto_wallet": "USDT", "proof_of_payment": "proof_of_payment/image_1_fs7ompv.png", "status": "Pending", "created_at": "2024-11-30T09:18:56.262Z", "updated_at": "2024-11-30T09:18:56.262Z"}}, {"model": "recharge_account.deposit", "pk": 25, "fields": {"user": 7, "amount": "10.00", "crypto_wallet": "USDT", "proof_of_payment": "proof_of_payment/image_1_7pu4vgI.png", "status": "Approved", "created_at": "2024-11-30T09:22:15.374Z", "updated_at": "2024-11-30T09:23:30.267Z"}}, {"model": "recharge_account.deposit", "pk": 26, "fields": {"user": 14, "amount": "200.00", "crypto_wallet": "Admin Top-Up", "proof_of_payment": "", "status": "Approved", "created_at": "2024-11-30T11:38:07.992Z", "updated_at": "2024-11-30T11:38:20.565Z"}}, {"model": "recharge_account.deposit", "pk": 27, "fields": {"user": 14, "amount": "4000.00", "crypto_wallet": "USDT", "proof_of_payment": "proof_of_payment/WhatsApp_Image_2024-11-28_at_8.57.32_PM.jpeg", "status": "Approved", "created_at": "2024-11-30T12:38:48.301Z", "updated_at": "2024-11-30T12:39:30.384Z"}}, {"model": "withdraw.withdrawalrequest", "pk": 4, "fields": {"user": 6, "amount": "10.00", "wallet": "tweigiubkbcioasgouisd", "crypto_wallet": "Btc", "status": "rejected", "created_at": "2024-11-26T22:03:26.520Z", "approved_at": null, "rejected_at": null}}, {"model": "withdraw.withdrawalrequest", "pk": 5, "fields": {"user": 6, "amount": "10.00", "wallet": "tweigiubkbcioasgouisd", "crypto_wallet": "USDT TRC-20", "status": "approved", "created_at": "2024-11-26T22:14:39.676Z", "approved_at": null, "rejected_at": null}}, {"model": "withdraw.withdrawalrequest", "pk": 6, "fields": {"user": 6, "amount": "15.00", "wallet": "TRhiodhlhsoifshio", "crypto_wallet": "USDT TRC-20", "status": "approved", "created_at": "2024-11-27T07:36:23.460Z", "approved_at": null, "rejected_at": null}}, {"model": "withdraw.withdrawalrequest", "pk": 7, "fields": {"user": 6, "amount": "20.00", "wallet": "TRhiodhlhsoifshio", "crypto_wallet": "USDT TRC-20", "status": "rejected", "created_at": "2024-11-27T10:45:57.442Z", "approved_at": null, "rejected_at": null}}, {"model": "withdraw.withdrawalrequest", "pk": 8, "fields": {"user": 6, "amount": "10.00", "wallet": "tweigiubkbcioasgouisd", "crypto_wallet": "Btc", "status": "pending", "created_at": "2024-11-27T10:46:08.346Z", "approved_at": null, "rejected_at": null}}, {"model": "withdraw.withdrawalrequest", "pk": 9, "fields": {"user": 6, "amount": "50.00", "wallet": "TRhiodhlhsoifshio", "crypto_wallet": "USDT TRC-20", "status": "rejected", "created_at": "2024-11-28T12:00:40.537Z", "approved_at": null, "rejected_at": null}}, {"model": "withdraw.withdrawalrequest", "pk": 10, "fields": {"user": 8, "amount": "10.00", "wallet": "TRhiodhlhsoifshio", "crypto_wallet": "USDT TRC-20", "status": "rejected", "created_at": "2024-11-29T04:17:50.601Z", "approved_at": null, "rejected_at": null}}, {"model": "withdraw.withdrawalrequest", "pk": 11, "fields": {"user": 8, "amount": "10.00", "wallet": "TRhiodhlhsoifshio", "crypto_wallet": "USDT TRC-20", "status": "approved", "created_at": "2024-11-29T04:17:58.213Z", "approved_at": null, "rejected_at": null}}, {"model": "withdraw.withdrawalrequest", "pk": 12, "fields": {"user": 8, "amount": "10.00", "wallet": "TRhiodhlhsoifshio", "crypto_wallet": "USDT TRC-20", "status": "pending", "created_at": "2024-11-29T04:17:58.361Z", "approved_at": null, "rejected_at": null}}, {"model": "withdraw.withdrawalrequest", "pk": 13, "fields": {"user": 14, "amount": "10.00", "wallet": "tweigiubkbcioasgouisd", "crypto_wallet": "USDT TRC-20", "status": "pending", "created_at": "2024-11-29T20:53:37.816Z", "approved_at": null, "rejected_at": null}}, {"model": "withdraw.withdrawalrequest", "pk": 14, "fields": {"user": 14, "amount": "10.00", "wallet": "tweigiubkbcioasgouisd", "crypto_wallet": "USDT TRC-20", "status": "approved", "created_at": "2024-11-29T20:53:40.616Z", "approved_at": null, "rejected_at": null}}, {"model": "withdraw.withdrawalrequest", "pk": 15, "fields": {"user": 14, "amount": "30.00", "wallet": "tweigiubkbcioasgouisd", "crypto_wallet": "USDT TRC-20", "status": "approved", "created_at": "2024-11-30T11:46:30.794Z", "approved_at": null, "rejected_at": null}}, {"model": "wallets.cryptowallet", "pk": 2, "fields": {"name": "Bitcoin", "network": "BTC", "address": "btc3278tibdobwv872"}}, {"model": "wallets.cryptowallet", "pk": 3, "fields": {"name": "USDT", "network": "TRC 20", "address": "Tr67ivou2t6728t2asXYZ"}}, {"model": "wallets.cryptowallet", "pk": 4, "fields": {"name": "XRP", "network": "Ripple", "address": "0x5ibouig8776riouigiy"}}]